Hard,Clay,Carpet,Grass,best_of,minutes,opp_hand,opp_ht,opp_age,opp_ace,opp_df,opp_svpt,opp_1stWon,opp_2ndWon,opp_bpSaved,opp_bpFaced
0.0,1.0,0.0,0.0,0.0,146.0,0.0,173.0,26.7,0.0,2.0,93.0,40.0,16.0,7.0,10.0
1.0,0.0,0.0,0.0,0.0,19.0,0.0,198.0,24.2,0.0,1.0,20.0,8.0,1.0,3.0,5.0
1.0,0.0,0.0,0.0,0.0,105.0,1.0,180.0,27.1,4.0,2.0,74.0,34.0,12.0,6.0,8.0
1.0,0.0,0.0,0.0,0.0,105.0,1.0,175.0,24.8,5.0,5.0,90.0,38.0,14.0,6.0,9.0
0.0,1.0,0.0,0.0,0.0,63.0,0.0,190.0,32.1,1.0,1.0,41.0,17.0,7.0,1.0,4.0
0.0,1.0,0.0,0.0,1.0,78.0,0.0,183.0,22.6,4.0,4.0,80.0,22.0,11.0,7.0,16.0
0.0,0.0,1.0,0.0,1.0,113.0,0.0,185.0,21.2,4.0,5.0,97.0,44.0,18.0,7.0,10.0
0.0,0.0,1.0,0.0,1.0,248.0,0.0,188.0,22.0,6.0,5.0,182.0,76.0,33.0,10.0,17.0
0.0,0.0,0.0,1.0,1.0,237.0,0.0,193.0,18.9,22.0,5.0,147.0,67.0,39.0,1.0,3.0
0.0,0.0,0.0,1.0,1.0,207.0,0.0,196.0,21.4,8.0,3.0,133.0,64.0,20.0,8.0,13.0
0.0,0.0,0.0,1.0,0.0,98.0,0.0,185.0,20.3,5.0,3.0,82.0,37.0,15.0,2.0,5.0
0.0,0.0,0.0,1.0,0.0,131.0,0.0,190.0,19.4,5.0,2.0,86.0,27.0,27.0,3.0,6.0
1.0,0.0,0.0,0.0,0.0,79.0,0.0,183.0,25.9,3.0,8.0,68.0,17.0,16.0,6.0,11.0
1.0,0.0,0.0,0.0,0.0,83.0,0.0,185.0,27.1,4.0,2.0,53.0,22.0,9.0,4.0,7.0
1.0,0.0,0.0,0.0,0.0,60.0,0.0,193.0,20.4,10.0,2.0,44.0,20.0,7.0,1.0,4.0
0.0,1.0,0.0,0.0,0.0,82.0,0.0,180.0,23.7,0.0,3.0,60.0,12.0,15.0,5.0,10.0
0.0,1.0,0.0,0.0,0.0,86.0,0.0,178.0,30.4,1.0,2.0,73.0,24.0,17.0,9.0,12.0
0.0,1.0,0.0,0.0,0.0,75.0,0.0,188.0,29.2,1.0,2.0,61.0,27.0,6.0,4.0,7.0
0.0,1.0,0.0,0.0,0.0,38.0,0.0,175.0,24.5,0.0,5.0,21.0,4.0,3.0,0.0,3.0
0.0,1.0,0.0,0.0,0.0,162.0,0.0,183.0,26.7,11.0,4.0,89.0,27.0,25.0,7.0,10.0
0.0,0.0,0.0,1.0,0.0,66.0,0.0,178.0,30.6,2.0,0.0,49.0,21.0,11.0,1.0,3.0
0.0,0.0,0.0,1.0,0.0,64.0,0.0,190.0,24.6,4.0,5.0,45.0,18.0,7.0,3.0,6.0
0.0,0.0,0.0,1.0,0.0,60.0,0.0,180.0,28.7,4.0,6.0,46.0,14.0,8.0,4.0,8.0
0.0,0.0,0.0,1.0,0.0,59.0,0.0,185.0,27.1,1.0,6.0,50.0,14.0,12.0,2.0,6.0
0.0,0.0,0.0,1.0,0.0,165.0,0.0,175.0,28.3,10.0,0.0,107.0,41.0,25.0,5.0,9.0
0.0,0.0,0.0,1.0,0.0,111.0,1.0,183.0,25.3,2.0,5.0,90.0,31.0,20.0,7.0,11.0
0.0,0.0,0.0,1.0,0.0,57.0,0.0,185.0,24.1,3.0,2.0,50.0,18.0,8.0,3.0,7.0
0.0,0.0,0.0,1.0,0.0,111.0,0.0,190.0,21.9,7.0,5.0,85.0,29.0,19.0,4.0,10.0
0.0,0.0,0.0,1.0,0.0,160.0,0.0,185.0,31.4,2.0,2.0,101.0,48.0,17.0,11.0,13.0
0.0,1.0,0.0,0.0,0.0,138.0,0.0,175.0,24.3,0.0,10.0,84.0,34.0,12.0,9.0,14.0
0.0,0.0,0.0,1.0,0.0,102.0,1.0,185.0,25.0,3.0,0.0,78.0,37.0,12.0,1.0,2.0
0.0,1.0,0.0,0.0,0.0,110.0,0.0,185.0,28.2,3.0,1.0,79.0,31.0,10.0,3.0,10.0
0.0,1.0,0.0,0.0,0.0,82.0,0.0,190.0,29.9,3.0,0.0,50.0,14.0,12.0,2.0,6.0
0.0,0.0,1.0,0.0,0.0,182.0,0.0,188.0,31.2,18.0,12.0,126.0,61.0,28.0,2.0,3.0
0.0,1.0,0.0,0.0,1.0,60.0,0.0,180.0,25.7,1.0,2.0,53.0,16.0,11.0,4.0,8.0
0.0,1.0,0.0,0.0,1.0,183.0,0.0,183.0,25.8,9.0,4.0,114.0,53.0,18.0,4.0,10.0
0.0,1.0,0.0,0.0,1.0,134.0,0.0,188.0,28.1,5.0,2.0,101.0,40.0,19.0,6.0,12.0
0.0,1.0,0.0,0.0,1.0,153.0,0.0,193.0,19.7,6.0,3.0,101.0,35.0,29.0,5.0,9.0
0.0,0.0,1.0,0.0,1.0,124.0,0.0,178.0,29.8,1.0,5.0,87.0,31.0,21.0,3.0,8.0
0.0,0.0,1.0,0.0,1.0,133.0,0.0,180.0,24.1,1.0,3.0,107.0,45.0,12.0,9.0,15.0
0.0,0.0,1.0,0.0,1.0,156.0,0.0,183.0,24.0,6.0,2.0,98.0,41.0,20.0,1.0,6.0
0.0,0.0,0.0,1.0,1.0,101.0,1.0,183.0,17.0,4.0,8.0,87.0,24.0,20.0,2.0,9.0
0.0,0.0,0.0,1.0,1.0,191.0,0.0,188.0,24.7,21.0,4.0,144.0,59.0,45.0,6.0,7.0
0.0,0.0,0.0,1.0,0.0,154.0,1.0,188.0,23.9,2.0,4.0,90.0,49.0,9.0,2.0,5.0
0.0,0.0,0.0,1.0,0.0,133.0,0.0,183.0,27.6,8.0,2.0,88.0,34.0,21.0,8.0,10.0
0.0,0.0,0.0,1.0,0.0,105.0,0.0,196.0,23.5,6.0,2.0,65.0,30.0,12.0,0.0,2.0
0.0,0.0,1.0,0.0,0.0,94.0,0.0,190.0,27.5,8.0,6.0,73.0,37.0,8.0,4.0,7.0
0.0,0.0,0.0,1.0,0.0,77.0,0.0,183.0,25.0,5.0,0.0,54.0,21.0,5.0,4.0,9.0
0.0,0.0,0.0,1.0,0.0,77.0,0.0,178.0,31.6,0.0,0.0,58.0,20.0,13.0,1.0,4.0
0.0,0.0,0.0,1.0,0.0,174.0,0.0,190.0,28.1,6.0,4.0,108.0,50.0,20.0,5.0,7.0
0.0,0.0,0.0,1.0,0.0,106.0,0.0,190.0,23.6,1.0,2.0,56.0,22.0,9.0,4.0,7.0
0.0,0.0,0.0,1.0,0.0,76.0,0.0,183.0,22.5,2.0,2.0,55.0,24.0,4.0,4.0,8.0
0.0,0.0,0.0,1.0,0.0,147.0,1.0,201.0,21.4,14.0,5.0,106.0,48.0,17.0,6.0,10.0
0.0,0.0,0.0,1.0,0.0,101.0,0.0,178.0,30.4,2.0,3.0,74.0,28.0,10.0,2.0,7.0
0.0,0.0,0.0,1.0,0.0,58.0,0.0,180.0,23.4,3.0,3.0,57.0,18.0,5.0,9.0,15.0
0.0,0.0,0.0,1.0,0.0,54.0,0.0,180.0,26.6,0.0,2.0,47.0,19.0,5.0,4.0,8.0
0.0,0.0,0.0,1.0,0.0,67.0,0.0,198.0,24.5,6.0,3.0,66.0,27.0,8.0,6.0,9.0
0.0,0.0,0.0,1.0,0.0,84.0,0.0,180.0,29.1,8.0,0.0,72.0,34.0,16.0,3.0,4.0
0.0,0.0,0.0,1.0,0.0,60.0,1.0,190.0,26.8,3.0,3.0,48.0,16.0,10.0,2.0,5.0
0.0,0.0,0.0,1.0,0.0,57.0,1.0,188.0,25.4,1.0,2.0,40.0,17.0,3.0,4.0,8.0
0.0,0.0,0.0,1.0,0.0,97.0,1.0,185.0,20.7,1.0,1.0,54.0,28.0,5.0,4.0,7.0
0.0,0.0,0.0,1.0,0.0,63.0,0.0,190.0,19.8,1.0,5.0,44.0,10.0,8.0,4.0,9.0
0.0,0.0,0.0,1.0,1.0,140.0,0.0,185.0,29.3,6.0,5.0,69.0,24.0,16.0,3.0,7.0
0.0,0.0,0.0,1.0,0.0,82.0,0.0,183.0,24.4,6.0,1.0,67.0,24.0,11.0,7.0,12.0
0.0,0.0,0.0,1.0,0.0,55.0,0.0,185.0,19.0,3.0,2.0,49.0,9.0,11.0,5.0,10.0
0.0,0.0,0.0,1.0,0.0,91.0,0.0,185.0,25.2,4.0,3.0,60.0,19.0,10.0,3.0,8.0
0.0,0.0,0.0,1.0,0.0,77.0,0.0,175.0,24.9,3.0,3.0,49.0,20.0,8.0,2.0,5.0
0.0,0.0,0.0,1.0,0.0,63.0,0.0,190.0,19.8,3.0,0.0,46.0,12.0,12.0,3.0,8.0
0.0,0.0,0.0,1.0,0.0,88.0,0.0,180.0,25.9,5.0,0.0,71.0,37.0,11.0,2.0,3.0
0.0,0.0,0.0,1.0,0.0,129.0,0.0,183.0,33.0,2.0,1.0,116.0,54.0,12.0,11.0,16.0
0.0,0.0,0.0,1.0,0.0,146.0,0.0,180.0,24.8,6.0,0.0,94.0,38.0,20.0,6.0,10.0
0.0,1.0,0.0,0.0,0.0,102.0,0.0,175.0,28.3,1.0,4.0,85.0,24.0,14.0,8.0,15.0
0.0,1.0,0.0,0.0,0.0,113.0,0.0,185.0,25.3,3.0,3.0,77.0,28.0,17.0,3.0,6.0
0.0,1.0,0.0,0.0,0.0,158.0,1.0,185.0,25.8,3.0,0.0,101.0,45.0,13.0,4.0,11.0
0.0,1.0,0.0,0.0,0.0,132.0,0.0,193.0,22.7,4.0,1.0,83.0,35.0,12.0,1.0,6.0
0.0,1.0,0.0,0.0,0.0,95.0,0.0,183.0,21.8,4.0,2.0,65.0,17.0,14.0,4.0,10.0
0.0,0.0,0.0,1.0,0.0,84.0,0.0,183.0,30.0,4.0,3.0,54.0,25.0,7.0,2.0,5.0
0.0,0.0,0.0,1.0,0.0,70.0,0.0,180.0,25.5,5.0,2.0,56.0,21.0,11.0,5.0,8.0
0.0,0.0,0.0,1.0,0.0,106.0,0.0,188.0,24.9,5.0,1.0,72.0,34.0,13.0,4.0,6.0
0.0,0.0,0.0,1.0,0.0,111.0,1.0,185.0,21.1,2.0,2.0,61.0,26.0,11.0,2.0,4.0
0.0,0.0,0.0,1.0,0.0,133.0,0.0,185.0,25.9,15.0,1.0,102.0,53.0,14.0,3.0,6.0
0.0,1.0,0.0,0.0,0.0,71.0,0.0,180.0,21.4,0.0,0.0,43.0,16.0,5.0,3.0,7.0
0.0,1.0,0.0,0.0,0.0,163.0,0.0,185.0,23.7,3.0,3.0,102.0,39.0,25.0,5.0,8.0
0.0,1.0,0.0,0.0,0.0,56.0,0.0,183.0,27.3,0.0,2.0,46.0,13.0,8.0,1.0,6.0
0.0,1.0,0.0,0.0,0.0,163.0,0.0,188.0,23.9,4.0,2.0,104.0,34.0,21.0,10.0,15.0
0.0,1.0,0.0,0.0,0.0,79.0,0.0,180.0,24.9,0.0,0.0,60.0,27.0,6.0,6.0,10.0
0.0,1.0,0.0,0.0,0.0,131.0,0.0,185.0,20.8,4.0,5.0,69.0,31.0,11.0,2.0,6.0
0.0,0.0,0.0,1.0,0.0,114.0,0.0,193.0,24.6,5.0,2.0,84.0,35.0,14.0,1.0,5.0
0.0,0.0,0.0,1.0,0.0,98.0,0.0,180.0,30.8,5.0,3.0,84.0,30.0,22.0,11.0,13.0
0.0,1.0,0.0,0.0,1.0,131.0,0.0,188.0,19.4,5.0,2.0,95.0,39.0,15.0,7.0,11.0
0.0,1.0,0.0,0.0,1.0,135.0,0.0,178.0,22.8,0.0,0.0,108.0,38.0,22.0,5.0,11.0
0.0,1.0,0.0,0.0,1.0,244.0,0.0,180.0,27.1,8.0,6.0,171.0,68.0,45.0,14.0,16.0
0.0,1.0,0.0,0.0,1.0,165.0,1.0,188.0,23.5,3.0,2.0,116.0,55.0,12.0,15.0,19.0
0.0,1.0,0.0,0.0,1.0,132.0,0.0,185.0,23.8,2.0,3.0,82.0,34.0,13.0,5.0,10.0
0.0,0.0,1.0,0.0,1.0,95.0,0.0,188.0,25.9,2.0,3.0,87.0,28.0,18.0,10.0,16.0
0.0,0.0,1.0,0.0,1.0,139.0,0.0,196.0,24.9,19.0,4.0,123.0,59.0,18.0,7.0,11.0
0.0,0.0,1.0,0.0,1.0,252.0,0.0,180.0,26.3,7.0,2.0,157.0,59.0,41.0,5.0,8.0
0.0,0.0,1.0,0.0,1.0,300.0,0.0,183.0,22.0,6.0,8.0,225.0,82.0,58.0,12.0,17.0
0.0,0.0,0.0,1.0,1.0,96.0,0.0,190.0,20.3,6.0,4.0,97.0,37.0,11.0,11.0,17.0
0.0,0.0,0.0,1.0,1.0,281.0,0.0,185.0,28.7,12.0,2.0,181.0,88.0,34.0,1.0,4.0
0.0,0.0,0.0,1.0,1.0,102.0,0.0,198.0,18.9,1.0,1.0,71.0,24.0,12.0,0.0,6.0
0.0,0.0,0.0,1.0,1.0,231.0,0.0,185.0,23.4,3.0,6.0,145.0,57.0,28.0,8.0,14.0
0.0,0.0,0.0,1.0,1.0,138.0,0.0,190.0,30.9,2.0,7.0,114.0,45.0,19.0,12.0,17.0
0.0,0.0,0.0,1.0,1.0,132.0,0.0,175.0,25.4,5.0,1.0,97.0,43.0,10.0,5.0,11.0
0.0,0.0,0.0,1.0,1.0,81.0,0.0,183.0,27.2,1.0,4.0,69.0,17.0,12.0,7.0,15.0
0.0,0.0,0.0,1.0,1.0,121.0,1.0,188.0,25.3,5.0,6.0,90.0,34.0,12.0,9.0,15.0
0.0,0.0,0.0,1.0,1.0,165.0,0.0,173.0,25.4,1.0,4.0,121.0,41.0,27.0,8.0,15.0
0.0,0.0,0.0,1.0,0.0,140.0,0.0,198.0,27.2,7.0,0.0,99.0,55.0,12.0,2.0,4.0
0.0,0.0,0.0,1.0,0.0,66.0,1.0,183.0,25.1,1.0,2.0,55.0,22.0,2.0,4.0,9.0
0.0,0.0,0.0,1.0,0.0,88.0,0.0,193.0,24.1,12.0,2.0,69.0,36.0,7.0,6.0,9.0
0.0,0.0,0.0,1.0,0.0,81.0,0.0,196.0,23.0,1.0,3.0,49.0,18.0,10.0,0.0,3.0
0.0,0.0,1.0,0.0,0.0,79.0,0.0,183.0,25.7,3.0,0.0,68.0,22.0,18.0,4.0,7.0
0.0,0.0,1.0,0.0,0.0,103.0,0.0,180.0,23.9,8.0,0.0,73.0,33.0,10.0,3.0,7.0
0.0,0.0,1.0,0.0,0.0,72.0,0.0,180.0,27.2,4.0,2.0,57.0,22.0,8.0,2.0,6.0
0.0,0.0,1.0,0.0,0.0,48.0,0.0,180.0,26.4,1.0,5.0,44.0,12.0,5.0,4.0,10.0
0.0,0.0,0.0,1.0,0.0,54.0,0.0,185.0,25.8,0.0,1.0,44.0,15.0,9.0,4.0,7.0
0.0,0.0,0.0,1.0,0.0,100.0,0.0,190.0,24.0,2.0,3.0,79.0,30.0,15.0,6.0,9.0
0.0,0.0,0.0,1.0,0.0,69.0,0.0,178.0,24.3,2.0,2.0,46.0,12.0,14.0,4.0,7.0
0.0,0.0,0.0,1.0,0.0,85.0,0.0,185.0,30.2,3.0,1.0,56.0,24.0,6.0,5.0,8.0
0.0,0.0,0.0,1.0,0.0,126.0,0.0,183.0,22.9,1.0,1.0,87.0,27.0,18.0,10.0,15.0
0.0,0.0,0.0,1.0,0.0,88.0,1.0,185.0,21.7,2.0,2.0,51.0,18.0,8.0,3.0,7.0
0.0,0.0,0.0,1.0,0.0,125.0,0.0,188.0,26.2,6.0,4.0,87.0,26.0,25.0,1.0,6.0
0.0,1.0,0.0,0.0,0.0,82.0,0.0,193.0,29.0,2.0,4.0,52.0,19.0,8.0,1.0,5.0
0.0,1.0,0.0,0.0,0.0,78.0,0.0,190.0,20.9,3.0,5.0,60.0,14.0,14.0,5.0,10.0
0.0,1.0,0.0,0.0,0.0,60.0,0.0,198.0,20.5,1.0,2.0,57.0,16.0,12.0,6.0,10.0
0.0,1.0,0.0,0.0,0.0,66.0,0.0,190.0,28.7,0.0,1.0,57.0,17.0,9.0,2.0,7.0
0.0,1.0,0.0,0.0,0.0,98.0,0.0,208.0,29.2,12.0,0.0,64.0,30.0,10.0,1.0,3.0
0.0,1.0,0.0,0.0,0.0,77.0,0.0,175.0,27.4,0.0,2.0,56.0,20.0,8.0,3.0,7.0
0.0,1.0,0.0,0.0,0.0,73.0,0.0,178.0,24.1,2.0,0.0,49.0,14.0,7.0,1.0,6.0
0.0,1.0,0.0,0.0,0.0,162.0,0.0,185.0,24.8,3.0,8.0,93.0,41.0,16.0,2.0,5.0
0.0,1.0,0.0,0.0,0.0,34.0,0.0,183.0,22.7,1.0,0.0,20.0,5.0,2.0,1.0,4.0
0.0,1.0,0.0,0.0,0.0,34.0,0.0,185.0,29.4,0.0,2.0,16.0,3.0,1.0,0.0,3.0
0.0,1.0,0.0,0.0,0.0,124.0,0.0,183.0,23.1,2.0,3.0,87.0,36.0,19.0,3.0,6.0
0.0,0.0,0.0,1.0,0.0,77.0,0.0,185.0,23.8,3.0,0.0,56.0,26.0,8.0,2.0,5.0
0.0,0.0,0.0,1.0,0.0,80.0,0.0,193.0,23.9,9.0,4.0,56.0,30.0,7.0,3.0,5.0
0.0,0.0,0.0,1.0,0.0,114.0,0.0,183.0,22.8,2.0,0.0,72.0,37.0,11.0,0.0,2.0
0.0,0.0,0.0,1.0,0.0,59.0,0.0,190.0,24.4,0.0,5.0,49.0,17.0,4.0,5.0,10.0
0.0,0.0,0.0,1.0,0.0,94.0,0.0,190.0,19.9,3.0,4.0,68.0,27.0,14.0,3.0,5.0
0.0,0.0,0.0,1.0,0.0,86.0,1.0,185.0,22.1,2.0,1.0,45.0,19.0,9.0,1.0,4.0
0.0,0.0,0.0,1.0,0.0,78.0,0.0,198.0,19.4,2.0,4.0,64.0,19.0,17.0,2.0,5.0
0.0,0.0,0.0,1.0,0.0,96.0,0.0,178.0,35.2,2.0,1.0,73.0,26.0,20.0,4.0,6.0
0.0,0.0,0.0,1.0,0.0,56.0,0.0,185.0,24.6,1.0,1.0,44.0,16.0,3.0,1.0,6.0
0.0,0.0,0.0,1.0,0.0,70.0,0.0,183.0,23.1,1.0,0.0,53.0,21.0,8.0,2.0,5.0
0.0,1.0,0.0,0.0,1.0,149.0,1.0,183.0,26.7,3.0,5.0,100.0,30.0,29.0,5.0,12.0
0.0,1.0,0.0,0.0,1.0,80.0,0.0,188.0,25.4,6.0,2.0,69.0,26.0,6.0,4.0,10.0
0.0,1.0,0.0,0.0,1.0,137.0,1.0,180.0,22.5,10.0,3.0,119.0,37.0,24.0,5.0,12.0
0.0,1.0,0.0,0.0,1.0,140.0,0.0,185.0,26.3,8.0,4.0,111.0,45.0,18.0,7.0,12.0
0.0,1.0,0.0,0.0,1.0,187.0,0.0,190.0,19.7,12.0,7.0,138.0,58.0,24.0,12.0,16.0
0.0,0.0,1.0,0.0,1.0,127.0,1.0,193.0,27.9,10.0,7.0,113.0,54.0,12.0,11.0,16.0
0.0,0.0,0.0,1.0,1.0,120.0,0.0,173.0,30.6,6.0,3.0,84.0,31.0,20.0,3.0,7.0
0.0,0.0,0.0,1.0,1.0,126.0,0.0,190.0,28.7,19.0,7.0,102.0,46.0,21.0,1.0,3.0
0.0,0.0,0.0,1.0,1.0,232.0,0.0,198.0,19.9,20.0,12.0,161.0,65.0,32.0,7.0,13.0
0.0,0.0,0.0,1.0,1.0,223.0,0.0,180.0,26.3,8.0,5.0,153.0,67.0,26.0,7.0,13.0
0.0,0.0,0.0,1.0,1.0,154.0,0.0,188.0,25.9,14.0,7.0,116.0,56.0,17.0,0.0,5.0
0.0,0.0,0.0,1.0,1.0,120.0,0.0,178.0,26.5,7.0,2.0,82.0,22.0,19.0,1.0,7.0
0.0,0.0,0.0,1.0,1.0,92.0,0.0,183.0,22.2,5.0,2.0,64.0,19.0,11.0,2.0,8.0
0.0,0.0,0.0,1.0,1.0,94.0,0.0,198.0,20.2,8.0,5.0,92.0,35.0,11.0,7.0,14.0
0.0,0.0,0.0,1.0,1.0,146.0,0.0,180.0,26.8,6.0,4.0,90.0,28.0,18.0,5.0,12.0
0.0,0.0,0.0,1.0,1.0,132.0,0.0,175.0,25.7,4.0,4.0,91.0,29.0,17.0,8.0,14.0
0.0,0.0,0.0,1.0,1.0,146.0,0.0,185.0,26.4,10.0,2.0,109.0,48.0,18.0,7.0,11.0
0.0,0.0,0.0,1.0,1.0,185.0,0.0,188.0,22.7,15.0,2.0,136.0,69.0,18.0,8.0,12.0
0.0,0.0,0.0,1.0,0.0,117.0,0.0,198.0,20.1,2.0,1.0,66.0,24.0,13.0,7.0,11.0
0.0,0.0,0.0,1.0,0.0,103.0,0.0,178.0,27.4,8.0,5.0,87.0,39.0,21.0,2.0,4.0
0.0,0.0,0.0,1.0,0.0,172.0,0.0,183.0,23.8,4.0,5.0,109.0,41.0,25.0,11.0,14.0
0.0,0.0,0.0,1.0,0.0,103.0,0.0,178.0,27.4,5.0,1.0,66.0,20.0,13.0,7.0,11.0
0.0,0.0,0.0,1.0,0.0,72.0,0.0,183.0,25.8,3.0,4.0,58.0,18.0,15.0,1.0,5.0
0.0,0.0,0.0,1.0,0.0,74.0,0.0,180.0,32.2,2.0,3.0,64.0,25.0,9.0,7.0,11.0
0.0,0.0,0.0,1.0,0.0,97.0,0.0,183.0,26.1,6.0,4.0,71.0,28.0,15.0,2.0,4.0
0.0,0.0,0.0,1.0,0.0,142.0,0.0,193.0,21.9,6.0,3.0,83.0,30.0,18.0,2.0,6.0
0.0,1.0,0.0,0.0,0.0,99.0,0.0,180.0,31.0,3.0,3.0,77.0,29.0,12.0,9.0,12.0
0.0,1.0,0.0,0.0,0.0,98.0,0.0,190.0,25.2,3.0,1.0,77.0,33.0,11.0,8.0,11.0
0.0,1.0,0.0,0.0,0.0,105.0,0.0,193.0,30.1,3.0,0.0,72.0,23.0,23.0,5.0,7.0
0.0,0.0,0.0,1.0,0.0,87.0,1.0,190.0,23.7,6.0,3.0,64.0,29.0,7.0,5.0,8.0
0.0,0.0,0.0,1.0,0.0,53.0,0.0,190.0,30.3,2.0,2.0,37.0,8.0,3.0,3.0,9.0
0.0,0.0,0.0,1.0,0.0,139.0,0.0,183.0,24.5,13.0,1.0,96.0,44.0,19.0,6.0,9.0
0.0,0.0,0.0,1.0,0.0,151.0,0.0,185.0,30.9,8.0,2.0,106.0,48.0,21.0,5.0,8.0
0.0,0.0,0.0,1.0,0.0,131.0,0.0,185.0,28.2,10.0,1.0,86.0,42.0,11.0,4.0,8.0
0.0,0.0,0.0,1.0,0.0,55.0,0.0,185.0,27.0,1.0,2.0,39.0,15.0,3.0,3.0,7.0
0.0,0.0,0.0,1.0,0.0,80.0,0.0,196.0,24.7,2.0,1.0,45.0,19.0,11.0,2.0,5.0
0.0,0.0,0.0,1.0,0.0,92.0,0.0,185.0,25.6,2.0,1.0,60.0,22.0,9.0,7.0,12.0
0.0,0.0,0.0,1.0,0.0,76.0,0.0,173.0,31.8,2.0,2.0,57.0,18.0,7.0,4.0,9.0
0.0,0.0,0.0,1.0,0.0,117.0,0.0,193.0,25.2,7.0,3.0,69.0,28.0,17.0,3.0,6.0
0.0,0.0,0.0,1.0,0.0,77.0,1.0,185.0,23.4,4.0,2.0,38.0,14.0,6.0,0.0,3.0
0.0,0.0,0.0,1.0,0.0,164.0,0.0,193.0,23.1,12.0,6.0,106.0,48.0,15.0,5.0,10.0
0.0,0.0,0.0,1.0,0.0,71.0,0.0,185.0,24.4,1.0,3.0,52.0,22.0,8.0,2.0,5.0
0.0,0.0,0.0,1.0,0.0,76.0,0.0,185.0,27.1,1.0,11.0,64.0,17.0,17.0,3.0,7.0
0.0,0.0,0.0,1.0,0.0,73.0,0.0,196.0,23.5,3.0,1.0,57.0,18.0,9.0,6.0,11.0
0.0,0.0,0.0,1.0,0.0,116.0,0.0,188.0,23.9,4.0,3.0,67.0,27.0,13.0,5.0,7.0
0.0,0.0,0.0,1.0,0.0,106.0,0.0,185.0,27.6,4.0,4.0,80.0,28.0,13.0,4.0,10.0
0.0,0.0,0.0,1.0,0.0,104.0,0.0,183.0,29.0,1.0,1.0,72.0,28.0,14.0,4.0,8.0
0.0,0.0,0.0,1.0,0.0,107.0,0.0,188.0,30.9,2.0,6.0,79.0,30.0,13.0,8.0,11.0
0.0,0.0,0.0,1.0,0.0,148.0,0.0,183.0,23.9,8.0,0.0,89.0,40.0,19.0,6.0,8.0
0.0,1.0,0.0,0.0,0.0,79.0,0.0,180.0,31.0,0.0,2.0,59.0,20.0,7.0,9.0,14.0
0.0,1.0,0.0,0.0,0.0,105.0,0.0,175.0,28.3,4.0,5.0,86.0,31.0,10.0,10.0,17.0
0.0,1.0,0.0,0.0,0.0,138.0,1.0,188.0,25.4,2.0,5.0,82.0,34.0,14.0,6.0,10.0
0.0,1.0,0.0,0.0,0.0,147.0,0.0,183.0,24.0,1.0,3.0,97.0,36.0,16.0,9.0,14.0
0.0,1.0,0.0,0.0,0.0,98.0,0.0,175.0,28.4,0.0,2.0,73.0,20.0,14.0,5.0,10.0
0.0,1.0,0.0,0.0,0.0,64.0,0.0,180.0,26.9,0.0,1.0,47.0,11.0,5.0,3.0,9.0
0.0,1.0,0.0,0.0,0.0,97.0,0.0,198.0,20.5,2.0,3.0,55.0,20.0,11.0,3.0,6.0
0.0,1.0,0.0,0.0,0.0,131.0,0.0,185.0,27.7,6.0,3.0,81.0,29.0,17.0,3.0,8.0
0.0,0.0,0.0,1.0,0.0,119.0,0.0,180.0,21.1,7.0,3.0,83.0,30.0,19.0,8.0,10.0
0.0,0.0,0.0,1.0,0.0,83.0,0.0,183.0,27.1,1.0,3.0,46.0,18.0,11.0,3.0,6.0
0.0,0.0,0.0,1.0,0.0,100.0,0.0,193.0,30.4,15.0,0.0,85.0,35.0,21.0,3.0,4.0
0.0,0.0,0.0,1.0,0.0,93.0,0.0,188.0,22.5,5.0,7.0,66.0,21.0,15.0,6.0,10.0
0.0,0.0,0.0,1.0,0.0,88.0,0.0,183.0,24.6,6.0,3.0,65.0,26.0,14.0,6.0,9.0
0.0,0.0,0.0,1.0,0.0,92.0,1.0,185.0,23.2,1.0,3.0,56.0,21.0,10.0,3.0,6.0
0.0,0.0,0.0,1.0,0.0,79.0,0.0,173.0,25.3,1.0,3.0,54.0,14.0,11.0,6.0,11.0
0.0,0.0,0.0,1.0,0.0,127.0,0.0,190.0,29.6,2.0,2.0,95.0,46.0,15.0,7.0,10.0
0.0,0.0,0.0,1.0,0.0,98.0,0.0,198.0,20.4,5.0,1.0,69.0,28.0,11.0,5.0,7.0
0.0,0.0,0.0,1.0,0.0,165.0,0.0,183.0,24.1,4.0,2.0,118.0,47.0,26.0,9.0,12.0
0.0,0.0,0.0,1.0,0.0,97.0,0.0,175.0,26.8,4.0,3.0,59.0,18.0,13.0,2.0,7.0
0.0,0.0,0.0,1.0,0.0,87.0,0.0,188.0,22.0,13.0,3.0,67.0,34.0,14.0,3.0,4.0
0.0,0.0,0.0,1.0,0.0,93.0,0.0,190.0,29.6,2.0,4.0,72.0,30.0,10.0,3.0,7.0
0.0,0.0,0.0,1.0,0.0,69.0,1.0,190.0,21.4,3.0,2.0,60.0,21.0,12.0,1.0,4.0
0.0,0.0,1.0,0.0,0.0,84.0,0.0,183.0,23.6,2.0,1.0,78.0,35.0,9.0,7.0,10.0
0.0,0.0,1.0,0.0,0.0,125.0,0.0,180.0,28.2,7.0,3.0,107.0,43.0,20.0,6.0,11.0
0.0,0.0,1.0,0.0,0.0,67.0,1.0,183.0,28.0,5.0,3.0,62.0,18.0,12.0,3.0,7.0
0.0,0.0,1.0,0.0,0.0,115.0,0.0,168.0,28.3,2.0,1.0,72.0,29.0,17.0,4.0,6.0
0.0,0.0,0.0,1.0,0.0,70.0,0.0,178.0,22.3,2.0,2.0,50.0,21.0,2.0,2.0,7.0
0.0,0.0,0.0,1.0,0.0,84.0,0.0,180.0,33.4,0.0,3.0,63.0,20.0,13.0,5.0,9.0
0.0,0.0,0.0,1.0,0.0,144.0,0.0,183.0,24.7,4.0,1.0,97.0,31.0,19.0,8.0,14.0
0.0,1.0,0.0,0.0,0.0,121.0,0.0,180.0,24.8,5.0,2.0,96.0,31.0,17.0,13.0,19.0
0.0,1.0,0.0,0.0,0.0,70.0,0.0,193.0,23.2,1.0,1.0,44.0,15.0,7.0,0.0,4.0
0.0,1.0,0.0,0.0,0.0,137.0,0.0,190.0,25.1,3.0,7.0,89.0,40.0,7.0,6.0,11.0
0.0,1.0,0.0,0.0,0.0,110.0,0.0,190.0,26.9,2.0,1.0,61.0,26.0,7.0,3.0,7.0
0.0,1.0,0.0,0.0,1.0,78.0,0.0,188.0,32.7,0.0,1.0,58.0,23.0,8.0,5.0,7.0
0.0,1.0,0.0,0.0,1.0,124.0,0.0,193.0,23.3,6.0,3.0,107.0,38.0,16.0,11.0,18.0
0.0,0.0,1.0,0.0,1.0,209.0,0.0,185.0,27.5,3.0,4.0,152.0,71.0,24.0,8.0,12.0
0.0,0.0,1.0,0.0,1.0,120.0,0.0,185.0,28.1,0.0,2.0,87.0,26.0,16.0,7.0,15.0
0.0,0.0,1.0,0.0,1.0,119.0,0.0,188.0,27.5,6.0,1.0,96.0,42.0,16.0,8.0,12.0
0.0,0.0,1.0,0.0,1.0,90.0,0.0,175.0,24.2,1.0,2.0,71.0,26.0,10.0,7.0,14.0
0.0,0.0,0.0,1.0,1.0,97.0,0.0,193.0,30.4,10.0,4.0,78.0,23.0,17.0,5.0,10.0
0.0,0.0,0.0,1.0,1.0,109.0,1.0,198.0,22.1,8.0,7.0,93.0,37.0,18.0,14.0,18.0
0.0,0.0,0.0,1.0,1.0,208.0,0.0,178.0,26.8,5.0,11.0,142.0,39.0,40.0,9.0,18.0
0.0,0.0,0.0,1.0,1.0,106.0,0.0,185.0,30.7,4.0,1.0,80.0,26.0,14.0,7.0,13.0
0.0,0.0,0.0,1.0,1.0,185.0,1.0,188.0,25.7,5.0,8.0,122.0,47.0,26.0,8.0,12.0
0.0,0.0,0.0,1.0,1.0,115.0,0.0,190.0,28.8,6.0,6.0,110.0,33.0,21.0,11.0,19.0
0.0,0.0,0.0,1.0,1.0,102.0,0.0,188.0,21.9,3.0,0.0,75.0,30.0,11.0,0.0,6.0
0.0,0.0,0.0,1.0,1.0,183.0,0.0,196.0,26.5,16.0,6.0,131.0,59.0,24.0,5.0,8.0
0.0,0.0,0.0,1.0,1.0,193.0,0.0,183.0,23.5,12.0,2.0,136.0,48.0,28.0,12.0,17.0
0.0,0.0,0.0,1.0,0.0,167.0,0.0,178.0,28.4,8.0,2.0,100.0,38.0,22.0,4.0,7.0
0.0,0.0,0.0,1.0,0.0,118.0,1.0,185.0,23.4,4.0,1.0,71.0,33.0,8.0,2.0,5.0
0.0,0.0,0.0,1.0,0.0,89.0,0.0,198.0,28.2,0.0,6.0,58.0,20.0,8.0,4.0,9.0
0.0,0.0,0.0,1.0,0.0,61.0,0.0,193.0,23.6,3.0,1.0,41.0,14.0,5.0,3.0,7.0
0.0,0.0,0.0,1.0,0.0,105.0,1.0,188.0,25.8,6.0,3.0,85.0,35.0,12.0,7.0,11.0
0.0,0.0,0.0,1.0,0.0,81.0,0.0,193.0,25.1,4.0,4.0,66.0,23.0,12.0,8.0,12.0
0.0,0.0,0.0,1.0,0.0,114.0,0.0,198.0,21.0,1.0,1.0,66.0,25.0,9.0,4.0,9.0
0.0,0.0,0.0,1.0,1.0,121.0,0.0,185.0,24.4,5.0,5.0,91.0,39.0,12.0,9.0,14.0
0.0,0.0,0.0,1.0,1.0,178.0,0.0,185.0,28.3,3.0,3.0,102.0,33.0,19.0,10.0,18.0
0.0,0.0,0.0,1.0,1.0,97.0,0.0,188.0,23.3,3.0,0.0,60.0,13.0,7.0,5.0,14.0
0.0,0.0,0.0,1.0,1.0,115.0,0.0,190.0,27.6,4.0,4.0,76.0,31.0,10.0,3.0,9.0
0.0,0.0,0.0,1.0,0.0,54.0,0.0,193.0,24.0,3.0,0.0,52.0,20.0,6.0,7.0,11.0
0.0,0.0,0.0,1.0,0.0,91.0,0.0,185.0,28.4,4.0,0.0,82.0,28.0,16.0,11.0,14.0
0.0,0.0,0.0,1.0,0.0,98.0,0.0,188.0,26.7,2.0,4.0,58.0,18.0,12.0,5.0,10.0
0.0,0.0,0.0,1.0,0.0,125.0,0.0,193.0,24.0,10.0,2.0,93.0,28.0,29.0,7.0,10.0
0.0,0.0,0.0,1.0,0.0,109.0,0.0,193.0,30.9,14.0,2.0,67.0,28.0,13.0,4.0,8.0
0.0,0.0,0.0,1.0,0.0,176.0,0.0,183.0,24.6,7.0,1.0,92.0,33.0,24.0,5.0,10.0
0.0,0.0,0.0,1.0,0.0,202.0,0.0,183.0,27.6,1.0,2.0,108.0,39.0,17.0,4.0,11.0
0.0,0.0,0.0,1.0,0.0,102.0,0.0,188.0,28.2,7.0,3.0,64.0,22.0,14.0,8.0,12.0
0.0,0.0,0.0,1.0,0.0,156.0,0.0,178.0,26.3,4.0,3.0,85.0,31.0,19.0,0.0,4.0
0.0,1.0,0.0,0.0,0.0,83.0,0.0,180.0,29.1,2.0,5.0,61.0,17.0,10.0,6.0,11.0
0.0,1.0,0.0,0.0,0.0,101.0,0.0,183.0,25.0,4.0,1.0,66.0,23.0,14.0,6.0,10.0
0.0,1.0,0.0,0.0,0.0,80.0,0.0,180.0,28.2,2.0,3.0,52.0,13.0,9.0,3.0,8.0
0.0,1.0,0.0,0.0,0.0,60.0,0.0,188.0,23.2,5.0,2.0,52.0,19.0,4.0,2.0,7.0
0.0,1.0,0.0,0.0,0.0,87.0,1.0,188.0,22.3,5.0,6.0,61.0,24.0,7.0,5.0,9.0
0.0,1.0,0.0,0.0,0.0,91.0,0.0,178.0,22.9,3.0,6.0,64.0,20.0,10.0,3.0,9.0
0.0,1.0,0.0,0.0,1.0,128.0,0.0,185.0,22.2,4.0,4.0,93.0,29.0,21.0,5.0,12.0
0.0,1.0,0.0,0.0,1.0,160.0,0.0,178.0,20.3,1.0,1.0,95.0,32.0,17.0,8.0,14.0
0.0,1.0,0.0,0.0,1.0,158.0,0.0,198.0,28.8,5.0,1.0,118.0,51.0,16.0,9.0,16.0
0.0,1.0,0.0,0.0,1.0,137.0,0.0,183.0,27.6,3.0,0.0,87.0,44.0,10.0,4.0,9.0
0.0,0.0,1.0,0.0,0.0,72.0,0.0,183.0,28.4,4.0,0.0,52.0,21.0,11.0,3.0,6.0
0.0,0.0,1.0,0.0,1.0,231.0,0.0,168.0,29.4,1.0,4.0,174.0,63.0,27.0,11.0,20.0
0.0,0.0,1.0,0.0,1.0,117.0,0.0,188.0,29.1,12.0,11.0,105.0,43.0,19.0,3.0,6.0
0.0,0.0,1.0,0.0,1.0,101.0,0.0,175.0,29.5,5.0,2.0,93.0,41.0,13.0,5.0,9.0
0.0,0.0,1.0,0.0,1.0,174.0,0.0,180.0,29.3,5.0,2.0,111.0,53.0,22.0,5.0,9.0
0.0,0.0,1.0,0.0,1.0,111.0,0.0,180.0,26.8,4.0,2.0,87.0,35.0,11.0,10.0,15.0
0.0,0.0,0.0,1.0,0.0,133.0,0.0,185.0,28.6,9.0,6.0,97.0,39.0,8.0,12.0,18.0
0.0,0.0,0.0,1.0,0.0,80.0,0.0,198.0,29.0,1.0,2.0,60.0,25.0,8.0,3.0,6.0
0.0,0.0,0.0,1.0,0.0,73.0,0.0,188.0,23.4,7.0,2.0,50.0,19.0,8.0,2.0,5.0
0.0,0.0,0.0,1.0,0.0,101.0,0.0,193.0,24.5,5.0,5.0,64.0,24.0,11.0,0.0,4.0
0.0,0.0,0.0,1.0,0.0,97.0,0.0,180.0,28.6,3.0,5.0,62.0,25.0,6.0,1.0,6.0
0.0,0.0,0.0,1.0,1.0,220.0,0.0,193.0,24.5,23.0,6.0,156.0,75.0,20.0,9.0,14.0
0.0,0.0,0.0,1.0,1.0,143.0,0.0,185.0,26.4,6.0,3.0,111.0,45.0,23.0,8.0,12.0
0.0,0.0,0.0,1.0,1.0,104.0,0.0,185.0,30.6,1.0,5.0,77.0,33.0,14.0,2.0,6.0
0.0,0.0,0.0,1.0,1.0,110.0,0.0,188.0,28.7,3.0,4.0,71.0,22.0,16.0,2.0,8.0
0.0,0.0,0.0,1.0,1.0,144.0,0.0,193.0,23.9,3.0,6.0,109.0,32.0,20.0,11.0,18.0
0.0,0.0,0.0,1.0,1.0,224.0,0.0,185.0,29.0,12.0,5.0,160.0,62.0,35.0,6.0,12.0
0.0,0.0,0.0,1.0,0.0,71.0,0.0,178.0,23.1,1.0,2.0,66.0,17.0,15.0,7.0,11.0
0.0,0.0,0.0,1.0,0.0,85.0,0.0,183.0,25.7,2.0,0.0,46.0,20.0,7.0,4.0,7.0
0.0,0.0,0.0,1.0,0.0,87.0,0.0,206.0,25.4,7.0,3.0,79.0,35.0,9.0,9.0,12.0
0.0,0.0,0.0,1.0,0.0,84.0,0.0,175.0,28.5,2.0,1.0,58.0,23.0,8.0,2.0,6.0
0.0,0.0,0.0,1.0,0.0,81.0,0.0,193.0,31.5,6.0,1.0,58.0,21.0,11.0,7.0,10.0
0.0,0.0,0.0,1.0,0.0,58.0,0.0,185.0,24.3,3.0,2.0,44.0,17.0,2.0,4.0,9.0
0.0,0.0,0.0,1.0,0.0,66.0,0.0,188.0,27.3,3.0,4.0,55.0,16.0,11.0,6.0,10.0
0.0,0.0,0.0,1.0,0.0,72.0,0.0,190.0,22.1,5.0,2.0,57.0,24.0,6.0,3.0,7.0
0.0,0.0,0.0,1.0,0.0,118.0,1.0,185.0,29.2,2.0,0.0,84.0,38.0,14.0,1.0,2.0
0.0,0.0,0.0,1.0,0.0,79.0,0.0,190.0,23.5,2.0,3.0,65.0,20.0,13.0,8.0,12.0
0.0,0.0,0.0,1.0,0.0,98.0,0.0,193.0,24.7,8.0,1.0,67.0,32.0,13.0,3.0,5.0
0.0,0.0,0.0,1.0,0.0,84.0,0.0,185.0,26.6,1.0,3.0,46.0,21.0,7.0,1.0,4.0
0.0,0.0,0.0,1.0,0.0,88.0,0.0,196.0,25.1,7.0,3.0,56.0,21.0,11.0,4.0,7.0
0.0,0.0,0.0,1.0,0.0,67.0,0.0,188.0,28.2,4.0,1.0,42.0,18.0,8.0,0.0,3.0
0.0,0.0,0.0,1.0,1.0,91.0,0.0,190.0,24.7,3.0,3.0,65.0,21.0,8.0,5.0,12.0
0.0,0.0,0.0,1.0,1.0,201.0,0.0,183.0,26.0,8.0,6.0,146.0,56.0,30.0,13.0,20.0
0.0,0.0,0.0,1.0,1.0,40.0,0.0,193.0,24.9,2.0,1.0,38.0,15.0,2.0,3.0,6.0
0.0,0.0,0.0,1.0,1.0,104.0,0.0,183.0,25.4,5.0,2.0,78.0,28.0,14.0,8.0,13.0
0.0,0.0,0.0,1.0,1.0,152.0,0.0,196.0,25.3,6.0,5.0,96.0,37.0,15.0,5.0,10.0
0.0,0.0,0.0,1.0,1.0,180.0,0.0,185.0,29.4,5.0,0.0,105.0,45.0,20.0,9.0,14.0
0.0,0.0,0.0,1.0,1.0,159.0,0.0,190.0,23.6,6.0,4.0,109.0,37.0,16.0,11.0,18.0
0.0,0.0,0.0,1.0,0.0,64.0,1.0,190.0,30.7,1.0,0.0,52.0,20.0,10.0,1.0,4.0
0.0,0.0,0.0,1.0,0.0,109.0,1.0,188.0,29.4,7.0,6.0,74.0,29.0,19.0,3.0,6.0
0.0,0.0,0.0,1.0,0.0,76.0,0.0,190.0,27.3,3.0,4.0,57.0,18.0,11.0,3.0,7.0
0.0,0.0,0.0,1.0,0.0,142.0,0.0,196.0,25.4,9.0,1.0,86.0,34.0,18.0,2.0,5.0
0.0,0.0,0.0,1.0,0.0,72.0,0.0,185.0,29.5,5.0,1.0,58.0,22.0,9.0,6.0,10.0
0.0,0.0,0.0,1.0,0.0,60.0,0.0,185.0,23.6,3.0,2.0,43.0,12.0,8.0,1.0,6.0
0.0,0.0,0.0,1.0,0.0,54.0,0.0,190.0,22.5,0.0,5.0,36.0,9.0,3.0,1.0,6.0
0.0,0.0,0.0,1.0,0.0,66.0,0.0,193.0,25.0,3.0,5.0,43.0,12.0,4.0,4.0,9.0
0.0,0.0,0.0,1.0,0.0,95.0,0.0,185.0,24.7,2.0,2.0,72.0,26.0,9.0,7.0,12.0
0.0,0.0,0.0,1.0,0.0,127.0,0.0,185.0,29.5,1.0,2.0,85.0,33.0,15.0,5.0,10.0
0.0,0.0,0.0,1.0,0.0,146.0,1.0,185.0,24.7,2.0,0.0,69.0,20.0,23.0,3.0,8.0
0.0,0.0,0.0,1.0,0.0,49.0,0.0,188.0,24.5,1.0,1.0,29.0,4.0,4.0,1.0,6.0
0.0,0.0,0.0,1.0,0.0,53.0,0.0,185.0,31.2,2.0,4.0,48.0,14.0,7.0,3.0,8.0
0.0,0.0,0.0,1.0,0.0,84.0,0.0,193.0,25.1,3.0,2.0,49.0,15.0,12.0,3.0,6.0
0.0,0.0,0.0,1.0,0.0,108.0,0.0,203.0,24.8,4.0,2.0,62.0,24.0,10.0,1.0,4.0
0.0,0.0,0.0,1.0,0.0,86.0,0.0,188.0,29.2,4.0,1.0,48.0,16.0,10.0,3.0,7.0
0.0,0.0,0.0,1.0,0.0,202.0,1.0,185.0,24.7,5.0,6.0,110.0,46.0,20.0,7.0,9.0
0.0,1.0,0.0,0.0,0.0,68.0,0.0,178.0,26.2,0.0,4.0,42.0,11.0,7.0,1.0,6.0
0.0,1.0,0.0,0.0,0.0,86.0,0.0,188.0,24.1,0.0,5.0,47.0,11.0,13.0,1.0,5.0
0.0,1.0,0.0,0.0,0.0,116.0,1.0,188.0,29.5,6.0,2.0,67.0,29.0,13.0,2.0,4.0
0.0,1.0,0.0,0.0,0.0,101.0,0.0,203.0,24.9,7.0,0.0,64.0,28.0,11.0,4.0,6.0
0.0,1.0,0.0,0.0,0.0,51.0,0.0,188.0,27.9,3.0,2.0,37.0,16.0,3.0,3.0,7.0
0.0,1.0,0.0,0.0,0.0,148.0,0.0,175.0,29.0,1.0,2.0,93.0,36.0,15.0,6.0,11.0
0.0,1.0,0.0,0.0,0.0,130.0,1.0,188.0,23.3,5.0,1.0,75.0,30.0,16.0,4.0,8.0
0.0,1.0,0.0,0.0,0.0,138.0,1.0,185.0,24.9,3.0,0.0,75.0,29.0,9.0,7.0,12.0
0.0,1.0,0.0,0.0,0.0,67.0,0.0,190.0,28.9,1.0,3.0,50.0,19.0,4.0,1.0,5.0
0.0,1.0,0.0,0.0,0.0,94.0,0.0,183.0,26.1,4.0,0.0,56.0,26.0,5.0,6.0,9.0
0.0,1.0,0.0,0.0,0.0,77.0,0.0,193.0,26.7,2.0,1.0,46.0,16.0,3.0,4.0,9.0
0.0,1.0,0.0,0.0,0.0,182.0,0.0,190.0,23.9,6.0,4.0,98.0,40.0,13.0,7.0,13.0
0.0,1.0,0.0,0.0,0.0,133.0,1.0,185.0,24.9,2.0,1.0,69.0,33.0,5.0,7.0,11.0
0.0,1.0,0.0,0.0,1.0,92.0,0.0,193.0,22.6,5.0,3.0,80.0,32.0,10.0,10.0,16.0
0.0,1.0,0.0,0.0,1.0,89.0,0.0,198.0,29.8,3.0,0.0,74.0,29.0,15.0,5.0,8.0
0.0,1.0,0.0,0.0,1.0,176.0,0.0,198.0,22.6,5.0,3.0,113.0,43.0,21.0,7.0,12.0
0.0,1.0,0.0,0.0,1.0,107.0,0.0,185.0,24.9,6.0,2.0,86.0,35.0,15.0,4.0,8.0
0.0,0.0,1.0,0.0,1.0,80.0,0.0,188.0,24.3,9.0,2.0,75.0,30.0,8.0,4.0,10.0
0.0,0.0,1.0,0.0,1.0,114.0,0.0,203.0,25.0,8.0,3.0,72.0,30.0,9.0,4.0,9.0
0.0,0.0,1.0,0.0,1.0,195.0,0.0,183.0,26.0,14.0,4.0,132.0,51.0,33.0,8.0,11.0
0.0,0.0,1.0,0.0,1.0,101.0,1.0,190.0,31.0,8.0,7.0,82.0,32.0,16.0,7.0,11.0
0.0,0.0,1.0,0.0,1.0,161.0,0.0,193.0,18.6,7.0,2.0,144.0,59.0,24.0,9.0,15.0
0.0,0.0,1.0,0.0,1.0,187.0,0.0,188.0,26.1,12.0,5.0,133.0,61.0,20.0,6.0,12.0
0.0,0.0,1.0,0.0,1.0,148.0,1.0,185.0,25.0,5.0,1.0,82.0,43.0,8.0,1.0,6.0
0.0,0.0,0.0,1.0,0.0,96.0,0.0,178.0,30.1,1.0,4.0,67.0,24.0,4.0,7.0,14.0
0.0,0.0,0.0,1.0,0.0,95.0,0.0,198.0,22.8,6.0,4.0,57.0,21.0,14.0,4.0,7.0
0.0,0.0,0.0,1.0,0.0,74.0,0.0,193.0,24.9,3.0,3.0,39.0,13.0,5.0,5.0,9.0
0.0,0.0,0.0,1.0,0.0,59.0,0.0,188.0,26.3,4.0,2.0,39.0,17.0,5.0,3.0,5.0
0.0,0.0,0.0,1.0,0.0,144.0,0.0,188.0,29.6,8.0,3.0,83.0,31.0,19.0,5.0,8.0
0.0,0.0,0.0,1.0,0.0,77.0,0.0,183.0,19.2,6.0,1.0,53.0,13.0,11.0,7.0,12.0
0.0,0.0,0.0,1.0,0.0,82.0,0.0,185.0,32.7,3.0,1.0,54.0,13.0,10.0,6.0,12.0
0.0,0.0,0.0,1.0,0.0,153.0,0.0,193.0,24.9,12.0,7.0,105.0,44.0,16.0,9.0,13.0
0.0,0.0,0.0,1.0,0.0,53.0,0.0,196.0,25.9,4.0,2.0,42.0,17.0,6.0,2.0,4.0
0.0,0.0,0.0,1.0,1.0,44.0,0.0,185.0,29.9,1.0,2.0,30.0,6.0,2.0,1.0,6.0
0.0,0.0,0.0,1.0,1.0,90.0,0.0,183.0,28.5,2.0,6.0,67.0,17.0,5.0,10.0,20.0
0.0,0.0,0.0,1.0,1.0,127.0,0.0,178.0,30.2,1.0,2.0,81.0,33.0,10.0,7.0,12.0
0.0,0.0,0.0,1.0,1.0,146.0,0.0,180.0,22.8,5.0,5.0,94.0,32.0,22.0,2.0,7.0
0.0,0.0,0.0,1.0,1.0,207.0,0.0,180.0,27.1,10.0,5.0,108.0,46.0,8.0,5.0,13.0
0.0,0.0,0.0,1.0,1.0,231.0,0.0,185.0,30.0,11.0,4.0,164.0,68.0,35.0,6.0,12.0
0.0,0.0,0.0,1.0,1.0,250.0,1.0,185.0,25.2,2.0,3.0,141.0,50.0,19.0,15.0,27.0
0.0,0.0,0.0,1.0,0.0,133.0,0.0,185.0,31.2,7.0,3.0,94.0,32.0,27.0,6.0,10.0
0.0,0.0,0.0,1.0,0.0,55.0,0.0,190.0,29.4,0.0,4.0,43.0,15.0,6.0,3.0,7.0
0.0,0.0,0.0,1.0,0.0,99.0,0.0,183.0,26.3,12.0,7.0,71.0,29.0,15.0,0.0,3.0
0.0,0.0,0.0,1.0,0.0,91.0,0.0,183.0,26.8,6.0,4.0,61.0,22.0,14.0,3.0,5.0
0.0,0.0,0.0,1.0,0.0,116.0,0.0,193.0,25.7,7.0,3.0,78.0,28.0,12.0,5.0,11.0
0.0,0.0,0.0,1.0,0.0,159.0,0.0,196.0,26.1,6.0,4.0,97.0,34.0,25.0,5.0,8.0
0.0,0.0,0.0,1.0,1.0,92.0,0.0,183.0,30.0,0.0,5.0,61.0,18.0,2.0,4.0,13.0
0.0,0.0,0.0,1.0,1.0,102.0,0.0,188.0,24.1,3.0,3.0,73.0,24.0,11.0,6.0,13.0
0.0,0.0,0.0,1.0,1.0,74.0,0.0,190.0,29.9,0.0,5.0,66.0,21.0,5.0,6.0,14.0
0.0,0.0,0.0,1.0,1.0,176.0,0.0,180.0,30.8,3.0,6.0,124.0,45.0,21.0,4.0,12.0
0.0,0.0,0.0,1.0,1.0,164.0,0.0,175.0,29.7,2.0,1.0,98.0,39.0,17.0,7.0,12.0
0.0,0.0,0.0,1.0,1.0,290.0,0.0,190.0,24.6,9.0,10.0,174.0,69.0,20.0,15.0,26.0
0.0,0.0,0.0,1.0,1.0,353.0,1.0,185.0,25.6,10.0,4.0,203.0,88.0,32.0,13.0,20.0
0.0,0.0,0.0,1.0,0.0,89.0,1.0,183.0,21.3,1.0,3.0,62.0,22.0,13.0,6.0,9.0
0.0,0.0,0.0,1.0,0.0,89.0,0.0,193.0,26.1,9.0,4.0,72.0,28.0,15.0,2.0,4.0
0.0,0.0,0.0,1.0,0.0,97.0,0.0,180.0,27.6,10.0,5.0,65.0,22.0,16.0,3.0,5.0
0.0,0.0,0.0,1.0,0.0,80.0,0.0,185.0,24.6,0.0,4.0,66.0,22.0,11.0,4.0,8.0
0.0,0.0,0.0,1.0,0.0,97.0,0.0,203.0,25.7,7.0,2.0,52.0,19.0,9.0,3.0,6.0
0.0,0.0,0.0,1.0,0.0,136.0,0.0,180.0,26.1,1.0,4.0,80.0,29.0,15.0,0.0,5.0
0.0,0.0,0.0,1.0,0.0,83.0,0.0,183.0,26.5,3.0,3.0,62.0,21.0,14.0,4.0,7.0
0.0,0.0,0.0,1.0,0.0,92.0,0.0,183.0,26.7,6.0,2.0,50.0,26.0,9.0,1.0,3.0
0.0,0.0,0.0,1.0,0.0,86.0,0.0,193.0,26.1,2.0,3.0,52.0,25.0,4.0,5.0,8.0
0.0,0.0,0.0,1.0,0.0,100.0,0.0,185.0,25.7,2.0,0.0,71.0,30.0,11.0,7.0,10.0
0.0,0.0,0.0,1.0,0.0,113.0,0.0,175.0,29.9,2.0,2.0,64.0,25.0,8.0,3.0,7.0
0.0,0.0,0.0,1.0,0.0,123.0,0.0,185.0,27.9,2.0,1.0,70.0,29.0,9.0,7.0,11.0
0.0,0.0,0.0,1.0,0.0,138.0,0.0,190.0,24.8,6.0,3.0,85.0,29.0,20.0,6.0,8.0
0.0,1.0,0.0,0.0,0.0,89.0,0.0,190.0,28.1,0.0,0.0,66.0,22.0,13.0,6.0,9.0
0.0,1.0,0.0,0.0,0.0,100.0,0.0,180.0,23.4,5.0,0.0,87.0,32.0,20.0,6.0,9.0
0.0,1.0,0.0,0.0,0.0,78.0,0.0,190.0,25.0,0.0,0.0,61.0,16.0,7.0,5.0,12.0
0.0,1.0,0.0,0.0,0.0,162.0,0.0,196.0,26.5,3.0,8.0,89.0,31.0,21.0,3.0,7.0
0.0,1.0,0.0,0.0,0.0,107.0,0.0,185.0,26.7,7.0,0.0,91.0,37.0,18.0,9.0,12.0
0.0,1.0,0.0,0.0,0.0,105.0,0.0,183.0,27.1,7.0,4.0,82.0,32.0,17.0,8.0,10.0
0.0,1.0,0.0,0.0,0.0,69.0,0.0,193.0,19.5,2.0,0.0,63.0,25.0,8.0,4.0,8.0
0.0,1.0,0.0,0.0,0.0,140.0,0.0,185.0,28.1,0.0,2.0,79.0,37.0,9.0,2.0,6.0
0.0,1.0,0.0,0.0,0.0,83.0,0.0,188.0,27.0,3.0,2.0,52.0,21.0,4.0,5.0,10.0
0.0,1.0,0.0,0.0,0.0,100.0,0.0,185.0,30.7,6.0,0.0,65.0,25.0,16.0,3.0,6.0
0.0,1.0,0.0,0.0,1.0,124.0,0.0,188.0,30.8,4.0,0.0,106.0,47.0,13.0,11.0,15.0
0.0,1.0,0.0,0.0,1.0,134.0,0.0,188.0,25.2,0.0,3.0,95.0,35.0,16.0,9.0,15.0
0.0,1.0,0.0,0.0,1.0,104.0,1.0,173.0,32.1,5.0,2.0,71.0,24.0,8.0,3.0,10.0
0.0,1.0,0.0,0.0,1.0,258.0,0.0,190.0,28.2,6.0,4.0,206.0,64.0,51.0,13.0,22.0
0.0,1.0,0.0,0.0,1.0,249.0,0.0,188.0,27.1,6.0,3.0,156.0,69.0,21.0,7.0,13.0
0.0,1.0,0.0,0.0,1.0,125.0,0.0,185.0,30.8,9.0,3.0,86.0,27.0,17.0,3.0,10.0
0.0,0.0,1.0,0.0,1.0,98.0,0.0,183.0,32.3,2.0,2.0,72.0,27.0,10.0,5.0,11.0
0.0,0.0,1.0,0.0,1.0,116.0,0.0,183.0,20.1,8.0,4.0,88.0,40.0,16.0,0.0,3.0
0.0,0.0,1.0,0.0,1.0,169.0,0.0,185.0,33.5,8.0,1.0,143.0,57.0,19.0,14.0,20.0
0.0,0.0,1.0,0.0,1.0,90.0,0.0,193.0,26.3,3.0,2.0,73.0,23.0,13.0,2.0,8.0
0.0,0.0,1.0,0.0,1.0,105.0,0.0,190.0,28.7,2.0,1.0,77.0,27.0,15.0,4.0,9.0
0.0,0.0,1.0,0.0,0.0,112.0,0.0,178.0,25.1,4.0,3.0,102.0,44.0,14.0,5.0,10.0
0.0,0.0,1.0,0.0,0.0,54.0,0.0,188.0,29.8,5.0,1.0,40.0,13.0,7.0,0.0,4.0
0.0,0.0,1.0,0.0,0.0,116.0,0.0,180.0,31.4,5.0,1.0,78.0,35.0,14.0,3.0,7.0
0.0,0.0,1.0,0.0,0.0,80.0,0.0,188.0,27.2,4.0,0.0,72.0,26.0,12.0,9.0,13.0
0.0,0.0,0.0,1.0,0.0,71.0,0.0,193.0,19.7,4.0,1.0,60.0,25.0,8.0,6.0,9.0
0.0,0.0,0.0,1.0,0.0,75.0,0.0,198.0,24.8,3.0,3.0,54.0,22.0,14.0,2.0,4.0
0.0,0.0,0.0,1.0,0.0,153.0,0.0,188.0,34.3,3.0,6.0,99.0,37.0,24.0,8.0,10.0
0.0,0.0,0.0,1.0,0.0,106.0,0.0,180.0,28.1,2.0,1.0,69.0,19.0,18.0,3.0,6.0
0.0,0.0,0.0,1.0,0.0,62.0,0.0,185.0,26.1,3.0,1.0,42.0,19.0,5.0,0.0,3.0
0.0,0.0,0.0,1.0,0.0,90.0,0.0,190.0,28.4,3.0,3.0,78.0,26.0,19.0,8.0,10.0
0.0,0.0,0.0,1.0,0.0,33.0,0.0,178.0,31.1,0.0,8.0,27.0,6.0,4.0,3.0,6.0
0.0,0.0,0.0,1.0,0.0,82.0,0.0,198.0,23.8,2.0,0.0,54.0,17.0,11.0,4.0,7.0
0.0,0.0,0.0,1.0,0.0,88.0,0.0,198.0,23.8,3.0,2.0,48.0,17.0,9.0,3.0,6.0
0.0,0.0,0.0,1.0,1.0,73.0,0.0,183.0,30.6,0.0,5.0,61.0,15.0,6.0,4.0,13.0
0.0,0.0,0.0,1.0,1.0,99.0,0.0,178.0,28.5,3.0,1.0,85.0,29.0,14.0,10.0,16.0
0.0,0.0,0.0,1.0,1.0,97.0,0.0,185.0,30.6,5.0,2.0,76.0,29.0,12.0,3.0,8.0
0.0,0.0,0.0,1.0,1.0,93.0,0.0,183.0,27.4,5.0,3.0,57.0,15.0,12.0,1.0,5.0
0.0,0.0,0.0,1.0,1.0,186.0,0.0,198.0,23.9,8.0,3.0,119.0,51.0,18.0,9.0,13.0
0.0,0.0,0.0,1.0,1.0,152.0,0.0,175.0,30.4,2.0,3.0,92.0,35.0,17.0,3.0,9.0
0.0,0.0,0.0,1.0,0.0,119.0,1.0,193.0,32.2,7.0,2.0,88.0,41.0,11.0,3.0,7.0
0.0,0.0,0.0,1.0,0.0,75.0,0.0,183.0,29.6,1.0,3.0,62.0,21.0,6.0,6.0,12.0
0.0,0.0,0.0,1.0,0.0,54.0,1.0,183.0,31.3,3.0,0.0,44.0,14.0,7.0,0.0,4.0
0.0,0.0,0.0,1.0,0.0,60.0,0.0,190.0,28.9,0.0,0.0,42.0,18.0,8.0,0.0,3.0
0.0,0.0,0.0,1.0,0.0,102.0,0.0,188.0,27.4,9.0,3.0,73.0,30.0,10.0,5.0,8.0
0.0,0.0,0.0,1.0,0.0,54.0,0.0,188.0,21.3,1.0,3.0,46.0,24.0,2.0,2.0,5.0
0.0,0.0,0.0,1.0,0.0,68.0,1.0,188.0,31.0,3.0,2.0,54.0,20.0,11.0,4.0,7.0
0.0,0.0,0.0,1.0,0.0,82.0,0.0,188.0,34.5,2.0,1.0,58.0,19.0,8.0,4.0,9.0
0.0,0.0,0.0,1.0,0.0,86.0,0.0,196.0,27.0,4.0,1.0,61.0,24.0,10.0,0.0,3.0
0.0,0.0,0.0,1.0,0.0,201.0,0.0,190.0,25.4,4.0,3.0,128.0,46.0,26.0,7.0,13.0
0.0,0.0,0.0,1.0,0.0,100.0,0.0,188.0,27.5,2.0,0.0,67.0,32.0,13.0,1.0,3.0
0.0,0.0,0.0,1.0,0.0,155.0,0.0,190.0,25.4,9.0,1.0,88.0,37.0,21.0,4.0,7.0
0.0,0.0,0.0,1.0,0.0,98.0,0.0,196.0,27.1,3.0,1.0,68.0,29.0,11.0,5.0,8.0
0.0,0.0,0.0,1.0,0.0,132.0,0.0,198.0,24.1,5.0,2.0,79.0,32.0,15.0,6.0,10.0
0.0,0.0,0.0,1.0,0.0,135.0,0.0,185.0,31.2,8.0,2.0,93.0,35.0,19.0,3.0,7.0
0.0,0.0,0.0,1.0,1.0,102.0,0.0,185.0,31.0,5.0,4.0,86.0,42.0,11.0,3.0,7.0
0.0,0.0,0.0,1.0,1.0,91.0,0.0,183.0,20.6,6.0,3.0,90.0,32.0,12.0,7.0,13.0
0.0,0.0,0.0,1.0,1.0,142.0,0.0,185.0,34.1,4.0,3.0,107.0,51.0,14.0,8.0,11.0
0.0,0.0,0.0,1.0,1.0,302.0,0.0,183.0,27.8,16.0,2.0,214.0,91.0,42.0,8.0,15.0
0.0,0.0,0.0,1.0,1.0,151.0,0.0,196.0,27.3,8.0,5.0,107.0,42.0,18.0,8.0,14.0
0.0,0.0,0.0,1.0,1.0,89.0,0.0,175.0,30.7,1.0,3.0,75.0,25.0,9.0,0.0,7.0
0.0,0.0,0.0,1.0,1.0,220.0,0.0,190.0,25.6,7.0,4.0,131.0,64.0,24.0,8.0,11.0
0.0,0.0,0.0,1.0,0.0,68.0,0.0,193.0,27.0,6.0,1.0,58.0,19.0,9.0,5.0,9.0
0.0,0.0,0.0,1.0,0.0,91.0,0.0,183.0,24.8,3.0,4.0,84.0,28.0,14.0,6.0,10.0
0.0,0.0,0.0,1.0,0.0,65.0,0.0,190.0,29.0,1.0,2.0,48.0,12.0,10.0,4.0,8.0
0.0,0.0,0.0,1.0,0.0,105.0,0.0,198.0,24.4,7.0,0.0,78.0,33.0,14.0,3.0,6.0
0.0,0.0,0.0,1.0,0.0,94.0,0.0,196.0,27.4,5.0,3.0,68.0,29.0,11.0,1.0,4.0
0.0,0.0,0.0,1.0,0.0,110.0,0.0,178.0,25.7,1.0,4.0,87.0,31.0,13.0,7.0,13.0
0.0,0.0,0.0,1.0,0.0,68.0,0.0,188.0,21.8,5.0,6.0,56.0,26.0,6.0,2.0,5.0
0.0,0.0,0.0,1.0,0.0,87.0,0.0,198.0,25.4,5.0,5.0,82.0,28.0,15.0,7.0,11.0
0.0,0.0,0.0,1.0,0.0,55.0,0.0,188.0,27.8,2.0,4.0,50.0,20.0,5.0,5.0,9.0
0.0,0.0,0.0,1.0,0.0,53.0,0.0,196.0,27.6,2.0,7.0,46.0,11.0,8.0,2.0,7.0
0.0,0.0,0.0,1.0,0.0,69.0,0.0,180.0,28.0,3.0,1.0,49.0,17.0,11.0,4.0,7.0
0.0,1.0,0.0,0.0,0.0,135.0,0.0,183.0,30.8,3.0,6.0,88.0,30.0,17.0,5.0,10.0
0.0,1.0,0.0,0.0,0.0,122.0,0.0,185.0,29.0,0.0,2.0,78.0,25.0,13.0,4.0,11.0
0.0,1.0,0.0,0.0,0.0,77.0,1.0,185.0,31.7,1.0,1.0,67.0,24.0,7.0,4.0,10.0
0.0,1.0,0.0,0.0,0.0,52.0,0.0,178.0,25.8,1.0,4.0,40.0,13.0,5.0,2.0,6.0
0.0,1.0,0.0,0.0,0.0,112.0,1.0,185.0,26.8,2.0,3.0,78.0,31.0,7.0,7.0,12.0
0.0,1.0,0.0,0.0,0.0,71.0,0.0,175.0,32.4,1.0,4.0,56.0,17.0,11.0,7.0,11.0
0.0,1.0,0.0,0.0,0.0,61.0,0.0,180.0,24.5,4.0,2.0,47.0,14.0,13.0,3.0,6.0
0.0,1.0,0.0,0.0,1.0,133.0,0.0,180.0,22.4,7.0,2.0,112.0,46.0,25.0,8.0,11.0
0.0,1.0,0.0,0.0,1.0,86.0,1.0,185.0,23.0,1.0,4.0,83.0,26.0,12.0,9.0,16.0
0.0,1.0,0.0,0.0,1.0,104.0,0.0,188.0,22.0,0.0,2.0,84.0,33.0,9.0,9.0,16.0
0.0,1.0,0.0,0.0,1.0,162.0,0.0,178.0,29.6,4.0,3.0,116.0,48.0,28.0,4.0,8.0
0.0,1.0,0.0,0.0,1.0,133.0,0.0,188.0,35.1,4.0,5.0,122.0,48.0,21.0,7.0,12.0
0.0,0.0,1.0,0.0,1.0,116.0,0.0,190.0,29.7,3.0,0.0,108.0,46.0,20.0,8.0,11.0
0.0,0.0,1.0,0.0,1.0,114.0,0.0,183.0,30.9,8.0,5.0,121.0,53.0,15.0,14.0,18.0
0.0,0.0,1.0,0.0,1.0,86.0,0.0,188.0,26.3,6.0,4.0,89.0,32.0,15.0,11.0,16.0
0.0,0.0,1.0,0.0,1.0,132.0,0.0,188.0,35.2,4.0,2.0,107.0,43.0,14.0,7.0,13.0
0.0,0.0,1.0,0.0,1.0,135.0,0.0,196.0,27.7,6.0,4.0,99.0,33.0,27.0,6.0,10.0
0.0,0.0,1.0,0.0,1.0,283.0,0.0,198.0,24.7,4.0,4.0,191.0,82.0,42.0,12.0,15.0
0.0,0.0,0.0,1.0,0.0,56.0,0.0,190.0,29.8,2.0,2.0,38.0,12.0,6.0,3.0,7.0
0.0,0.0,0.0,1.0,0.0,128.0,0.0,188.0,26.9,4.0,4.0,103.0,43.0,20.0,6.0,9.0
0.0,0.0,0.0,1.0,0.0,52.0,0.0,185.0,27.1,3.0,5.0,41.0,12.0,8.0,2.0,6.0
0.0,0.0,0.0,1.0,0.0,78.0,0.0,185.0,29.3,2.0,2.0,60.0,20.0,10.0,3.0,8.0
0.0,0.0,0.0,1.0,0.0,50.0,0.0,180.0,22.6,2.0,3.0,46.0,12.0,6.0,2.0,7.0
0.0,0.0,0.0,1.0,1.0,82.0,0.0,175.0,23.1,3.0,4.0,68.0,17.0,10.0,7.0,14.0
0.0,0.0,0.0,1.0,1.0,111.0,0.0,178.0,32.1,6.0,4.0,95.0,32.0,20.0,9.0,14.0
0.0,0.0,0.0,1.0,1.0,100.0,0.0,185.0,24.4,2.0,3.0,92.0,30.0,10.0,5.0,12.0
0.0,0.0,0.0,1.0,1.0,79.0,0.0,190.0,27.3,2.0,2.0,69.0,16.0,12.0,7.0,14.0
0.0,0.0,0.0,1.0,1.0,154.0,0.0,183.0,31.1,2.0,4.0,99.0,29.0,23.0,5.0,12.0
0.0,0.0,0.0,1.0,1.0,249.0,0.0,183.0,28.4,8.0,7.0,192.0,68.0,48.0,15.0,20.0
0.0,0.0,0.0,1.0,0.0,54.0,0.0,196.0,28.1,1.0,3.0,49.0,15.0,9.0,4.0,8.0
0.0,0.0,0.0,1.0,0.0,115.0,1.0,188.0,29.8,4.0,6.0,83.0,35.0,15.0,7.0,11.0
0.0,0.0,0.0,1.0,0.0,53.0,0.0,198.0,25.9,4.0,2.0,56.0,19.0,7.0,8.0,12.0
0.0,0.0,0.0,1.0,0.0,80.0,0.0,185.0,27.2,3.0,3.0,73.0,28.0,11.0,6.0,10.0
0.0,0.0,0.0,1.0,0.0,87.0,1.0,185.0,27.3,2.0,2.0,60.0,31.0,7.0,2.0,4.0
0.0,0.0,0.0,1.0,0.0,71.0,0.0,190.0,27.4,0.0,4.0,47.0,11.0,9.0,5.0,10.0
0.0,0.0,0.0,1.0,0.0,70.0,0.0,178.0,26.3,3.0,2.0,65.0,27.0,9.0,3.0,6.0
0.0,0.0,0.0,1.0,0.0,143.0,0.0,193.0,27.0,9.0,3.0,103.0,44.0,17.0,3.0,8.0
0.0,0.0,0.0,1.0,0.0,94.0,0.0,188.0,28.4,4.0,2.0,72.0,26.0,9.0,5.0,10.0
0.0,0.0,0.0,1.0,0.0,152.0,0.0,198.0,25.0,5.0,2.0,104.0,51.0,13.0,10.0,12.0
0.0,0.0,0.0,1.0,0.0,93.0,0.0,188.0,22.6,9.0,5.0,76.0,33.0,14.0,5.0,7.0
0.0,0.0,0.0,1.0,0.0,110.0,0.0,206.0,28.5,12.0,2.0,111.0,54.0,9.0,12.0,16.0
0.0,0.0,0.0,1.0,0.0,81.0,0.0,183.0,28.5,3.0,2.0,50.0,20.0,7.0,5.0,8.0
0.0,0.0,0.0,1.0,0.0,121.0,0.0,185.0,32.2,5.0,4.0,89.0,40.0,12.0,6.0,10.0
0.0,0.0,0.0,1.0,0.0,112.0,0.0,175.0,31.5,1.0,1.0,85.0,32.0,16.0,4.0,8.0
0.0,0.0,0.0,1.0,0.0,129.0,0.0,185.0,27.3,10.0,3.0,92.0,41.0,21.0,3.0,5.0
0.0,0.0,0.0,1.0,0.0,142.0,0.0,185.0,32.2,5.0,5.0,103.0,37.0,23.0,6.0,11.0
0.0,0.0,0.0,1.0,0.0,114.0,0.0,198.0,25.1,8.0,0.0,80.0,38.0,13.0,4.0,6.0
0.0,0.0,0.0,1.0,0.0,85.0,0.0,183.0,28.6,4.0,0.0,62.0,21.0,11.0,6.0,10.0
0.0,0.0,0.0,1.0,0.0,96.0,1.0,185.0,27.4,1.0,4.0,61.0,26.0,8.0,8.0,11.0
0.0,0.0,0.0,1.0,1.0,110.0,0.0,185.0,26.1,5.0,1.0,92.0,35.0,18.0,4.0,8.0
0.0,0.0,0.0,1.0,1.0,107.0,0.0,188.0,26.6,3.0,7.0,85.0,28.0,17.0,1.0,6.0
0.0,0.0,0.0,1.0,1.0,119.0,0.0,188.0,27.3,5.0,1.0,86.0,41.0,10.0,3.0,8.0
0.0,0.0,0.0,1.0,1.0,93.0,0.0,178.0,26.6,3.0,7.0,91.0,32.0,13.0,16.0,22.0
0.0,0.0,0.0,1.0,0.0,84.0,0.0,188.0,27.4,3.0,1.0,71.0,28.0,11.0,9.0,12.0
0.0,0.0,0.0,1.0,0.0,58.0,0.0,183.0,25.8,0.0,1.0,46.0,13.0,8.0,3.0,8.0
0.0,0.0,0.0,1.0,0.0,84.0,0.0,198.0,32.6,1.0,1.0,65.0,29.0,12.0,3.0,5.0
0.0,0.0,0.0,1.0,0.0,97.0,0.0,190.0,25.0,3.0,4.0,90.0,33.0,17.0,8.0,12.0
0.0,0.0,0.0,1.0,0.0,105.0,0.0,198.0,25.4,13.0,2.0,70.0,32.0,13.0,4.0,7.0
0.0,0.0,0.0,1.0,0.0,69.0,0.0,185.0,32.1,2.0,2.0,64.0,22.0,9.0,11.0,15.0
0.0,0.0,0.0,1.0,0.0,144.0,0.0,206.0,28.8,8.0,2.0,114.0,49.0,16.0,7.0,12.0
0.0,0.0,0.0,1.0,0.0,132.0,0.0,185.0,32.5,6.0,4.0,101.0,45.0,21.0,4.0,6.0
0.0,0.0,0.0,1.0,0.0,85.0,0.0,188.0,27.0,2.0,2.0,49.0,18.0,9.0,0.0,3.0
0.0,0.0,0.0,1.0,0.0,82.0,0.0,180.0,31.8,2.0,1.0,58.0,31.0,6.0,0.0,2.0
0.0,0.0,0.0,1.0,0.0,90.0,0.0,190.0,26.8,1.0,5.0,60.0,25.0,10.0,3.0,6.0
0.0,0.0,0.0,1.0,0.0,84.0,1.0,185.0,27.7,2.0,1.0,52.0,22.0,7.0,1.0,4.0
0.0,1.0,0.0,0.0,0.0,45.0,0.0,175.0,33.3,0.0,1.0,37.0,7.0,6.0,7.0,12.0
0.0,1.0,0.0,0.0,0.0,48.0,0.0,188.0,22.7,0.0,0.0,38.0,8.0,6.0,2.0,7.0
0.0,1.0,0.0,0.0,0.0,132.0,0.0,188.0,30.8,0.0,1.0,93.0,33.0,18.0,6.0,11.0
0.0,1.0,0.0,0.0,0.0,97.0,0.0,185.0,35.4,4.0,7.0,79.0,32.0,8.0,6.0,11.0
0.0,1.0,0.0,0.0,0.0,96.0,0.0,178.0,30.5,2.0,0.0,70.0,27.0,8.0,4.0,10.0
0.0,1.0,0.0,0.0,0.0,152.0,0.0,175.0,32.1,2.0,0.0,92.0,38.0,17.0,8.0,12.0
0.0,1.0,0.0,0.0,0.0,181.0,0.0,196.0,23.3,17.0,3.0,121.0,61.0,18.0,7.0,10.0
0.0,1.0,0.0,0.0,0.0,139.0,1.0,185.0,27.9,0.0,2.0,93.0,38.0,10.0,8.0,14.0
0.0,1.0,0.0,0.0,1.0,110.0,0.0,185.0,25.1,0.0,2.0,87.0,32.0,8.0,7.0,15.0
0.0,1.0,0.0,0.0,1.0,92.0,0.0,188.0,27.2,3.0,3.0,76.0,26.0,10.0,2.0,9.0
0.0,1.0,0.0,0.0,1.0,191.0,0.0,198.0,25.6,5.0,5.0,137.0,48.0,30.0,15.0,22.0
0.0,1.0,0.0,0.0,1.0,89.0,0.0,188.0,29.1,5.0,2.0,71.0,22.0,11.0,2.0,9.0
0.0,1.0,0.0,0.0,1.0,142.0,0.0,196.0,23.4,21.0,4.0,114.0,63.0,10.0,6.0,9.0
0.0,1.0,0.0,0.0,1.0,154.0,0.0,190.0,25.7,13.0,5.0,105.0,42.0,24.0,5.0,10.0
0.0,0.0,1.0,0.0,1.0,88.0,0.0,185.0,26.9,1.0,3.0,87.0,25.0,18.0,9.0,15.0
0.0,0.0,1.0,0.0,1.0,197.0,0.0,185.0,35.5,9.0,2.0,142.0,68.0,25.0,5.0,7.0
0.0,0.0,1.0,0.0,1.0,132.0,0.0,183.0,29.4,3.0,4.0,103.0,35.0,19.0,7.0,14.0
0.0,0.0,1.0,0.0,1.0,112.0,0.0,188.0,29.1,19.0,2.0,89.0,46.0,18.0,7.0,9.0
0.0,0.0,1.0,0.0,1.0,198.0,0.0,198.0,25.7,10.0,6.0,160.0,61.0,29.0,12.0,19.0
0.0,0.0,1.0,0.0,1.0,182.0,0.0,188.0,23.1,15.0,8.0,131.0,67.0,22.0,3.0,6.0
0.0,0.0,1.0,0.0,1.0,236.0,0.0,185.0,32.8,29.0,5.0,192.0,102.0,26.0,11.0,15.0
0.0,0.0,0.0,1.0,0.0,161.0,0.0,193.0,27.9,8.0,8.0,131.0,54.0,26.0,7.0,10.0
0.0,0.0,0.0,1.0,0.0,130.0,0.0,183.0,29.6,5.0,2.0,89.0,33.0,23.0,6.0,10.0
0.0,0.0,0.0,1.0,1.0,97.0,0.0,170.0,22.0,1.0,3.0,70.0,21.0,12.0,5.0,12.0
0.0,0.0,0.0,1.0,1.0,88.0,0.0,185.0,32.6,2.0,9.0,77.0,23.0,12.0,5.0,12.0
0.0,0.0,0.0,1.0,1.0,85.0,0.0,198.0,26.8,7.0,3.0,72.0,26.0,6.0,5.0,12.0
0.0,0.0,0.0,1.0,1.0,123.0,0.0,178.0,30.8,6.0,3.0,85.0,32.0,19.0,5.0,9.0
0.0,0.0,0.0,1.0,1.0,212.0,0.0,190.0,27.2,9.0,4.0,133.0,48.0,28.0,3.0,10.0
0.0,0.0,0.0,1.0,0.0,64.0,0.0,188.0,31.3,0.0,3.0,45.0,8.0,7.0,0.0,6.0
0.0,0.0,0.0,1.0,0.0,86.0,0.0,193.0,24.2,14.0,6.0,76.0,32.0,10.0,5.0,9.0
0.0,0.0,0.0,1.0,0.0,90.0,0.0,188.0,23.3,2.0,3.0,60.0,19.0,10.0,3.0,8.0
0.0,0.0,0.0,1.0,0.0,97.0,0.0,190.0,27.3,4.0,2.0,58.0,24.0,8.0,3.0,6.0
0.0,0.0,0.0,1.0,0.0,67.0,0.0,196.0,29.0,1.0,3.0,42.0,11.0,4.0,2.0,8.0
0.0,0.0,0.0,1.0,0.0,88.0,0.0,185.0,21.0,5.0,3.0,73.0,28.0,14.0,6.0,8.0
0.0,0.0,0.0,1.0,0.0,126.0,0.0,183.0,26.7,9.0,0.0,84.0,40.0,14.0,5.0,8.0
0.0,0.0,0.0,1.0,0.0,95.0,0.0,175.0,32.5,2.0,1.0,74.0,31.0,10.0,4.0,7.0
0.0,0.0,0.0,1.0,0.0,85.0,0.0,178.0,31.0,2.0,0.0,58.0,18.0,15.0,4.0,7.0
0.0,0.0,0.0,1.0,0.0,92.0,0.0,193.0,28.1,12.0,4.0,60.0,27.0,10.0,4.0,6.0
0.0,0.0,0.0,1.0,0.0,101.0,0.0,190.0,27.4,5.0,3.0,67.0,23.0,14.0,9.0,13.0
0.0,0.0,0.0,1.0,0.0,62.0,0.0,178.0,24.8,1.0,4.0,48.0,21.0,2.0,3.0,7.0
0.0,0.0,0.0,1.0,0.0,83.0,0.0,196.0,23.8,9.0,2.0,56.0,24.0,7.0,6.0,9.0
0.0,0.0,0.0,1.0,0.0,65.0,0.0,183.0,29.6,2.0,3.0,45.0,10.0,6.0,4.0,9.0
0.0,0.0,0.0,1.0,0.0,69.0,0.0,196.0,29.1,2.0,2.0,52.0,16.0,9.0,2.0,6.0
0.0,0.0,0.0,1.0,0.0,57.0,0.0,198.0,26.1,1.0,2.0,46.0,13.0,5.0,3.0,9.0
0.0,0.0,0.0,1.0,0.0,88.0,0.0,178.0,24.8,3.0,6.0,67.0,29.0,5.0,3.0,9.0
0.0,0.0,0.0,1.0,0.0,59.0,0.0,180.0,24.5,0.0,2.0,43.0,13.0,5.0,1.0,6.0
0.0,0.0,0.0,1.0,0.0,61.0,0.0,193.0,28.9,3.0,1.0,48.0,16.0,6.0,3.0,7.0
0.0,0.0,0.0,1.0,1.0,109.0,0.0,181.0,25.5,12.0,3.0,89.0,35.0,17.0,4.0,8.0
0.0,0.0,0.0,1.0,1.0,84.0,0.0,185.0,23.9,2.0,3.0,80.0,24.0,12.0,6.0,13.0
0.0,0.0,0.0,1.0,1.0,141.0,1.0,188.0,31.1,16.0,5.0,123.0,58.0,17.0,12.0,14.0
0.0,0.0,0.0,1.0,1.0,128.0,1.0,193.0,31.6,8.0,0.0,105.0,47.0,21.0,8.0,11.0
0.0,0.0,0.0,1.0,1.0,120.0,0.0,196.0,24.0,17.0,2.0,99.0,48.0,17.0,8.0,11.0
0.0,0.0,0.0,1.0,1.0,210.0,0.0,183.0,29.8,10.0,4.0,158.0,60.0,33.0,10.0,17.0
0.0,0.0,0.0,1.0,1.0,219.0,0.0,190.0,27.6,10.0,3.0,118.0,50.0,14.0,7.0,16.0
0.0,0.0,0.0,1.0,0.0,78.0,0.0,193.0,24.6,2.0,6.0,62.0,26.0,10.0,1.0,4.0
0.0,0.0,0.0,1.0,0.0,60.0,0.0,185.0,27.5,2.0,1.0,49.0,16.0,7.0,6.0,10.0
0.0,0.0,0.0,1.0,0.0,49.0,0.0,190.0,27.7,3.0,1.0,41.0,15.0,2.0,2.0,7.0
0.0,0.0,0.0,1.0,0.0,124.0,0.0,196.0,29.4,4.0,0.0,78.0,25.0,17.0,4.0,10.0
0.0,0.0,0.0,1.0,0.0,60.0,0.0,183.0,29.7,3.0,3.0,51.0,22.0,4.0,1.0,5.0
0.0,0.0,0.0,1.0,0.0,85.0,1.0,188.0,27.1,2.0,4.0,58.0,25.0,8.0,5.0,9.0
0.0,0.0,0.0,1.0,0.0,92.0,0.0,206.0,29.8,8.0,0.0,65.0,39.0,7.0,1.0,2.0
0.0,0.0,0.0,1.0,0.0,88.0,0.0,190.0,27.8,2.0,4.0,55.0,13.0,14.0,2.0,6.0
0.0,0.0,0.0,1.0,0.0,138.0,0.0,185.0,33.5,6.0,3.0,98.0,41.0,15.0,8.0,13.0
0.0,0.0,0.0,1.0,0.0,116.0,1.0,190.0,25.6,0.0,3.0,92.0,26.0,17.0,12.0,19.0
0.0,0.0,0.0,1.0,0.0,89.0,0.0,178.0,31.0,1.0,0.0,87.0,23.0,18.0,9.0,14.0
0.0,0.0,0.0,1.0,0.0,119.0,0.0,180.0,26.3,1.0,4.0,85.0,34.0,11.0,3.0,10.0
0.0,0.0,0.0,1.0,0.0,113.0,0.0,175.0,32.9,1.0,3.0,85.0,28.0,18.0,3.0,7.0
0.0,0.0,0.0,1.0,0.0,91.0,0.0,206.0,29.9,9.0,1.0,82.0,39.0,8.0,2.0,4.0
0.0,0.0,0.0,1.0,0.0,167.0,0.0,190.0,27.8,8.0,3.0,107.0,40.0,19.0,13.0,18.0
0.0,1.0,0.0,0.0,0.0,87.0,1.0,188.0,27.2,0.0,3.0,62.0,18.0,14.0,9.0,13.0
0.0,1.0,0.0,0.0,0.0,57.0,0.0,190.0,28.0,3.0,3.0,42.0,15.0,5.0,1.0,5.0
0.0,1.0,0.0,0.0,0.0,66.0,0.0,198.0,26.5,3.0,1.0,56.0,18.0,8.0,5.0,10.0
0.0,1.0,0.0,0.0,0.0,98.0,1.0,185.0,28.8,2.0,3.0,66.0,25.0,11.0,6.0,10.0
0.0,1.0,0.0,0.0,0.0,163.0,0.0,196.0,29.5,1.0,0.0,108.0,36.0,27.0,9.0,14.0
0.0,1.0,0.0,0.0,0.0,122.0,0.0,183.0,29.7,11.0,2.0,83.0,33.0,19.0,0.0,3.0
0.0,1.0,0.0,0.0,0.0,120.0,1.0,188.0,27.3,6.0,3.0,94.0,39.0,17.0,8.0,12.0
0.0,1.0,0.0,0.0,0.0,108.0,0.0,178.0,25.3,6.0,2.0,76.0,28.0,18.0,3.0,6.0
0.0,1.0,0.0,0.0,0.0,95.0,0.0,175.0,33.1,1.0,1.0,51.0,29.0,5.0,3.0,5.0
0.0,1.0,0.0,0.0,0.0,76.0,0.0,185.0,33.7,7.0,1.0,62.0,30.0,8.0,3.0,5.0
0.0,1.0,0.0,0.0,1.0,123.0,1.0,185.0,33.8,2.0,0.0,95.0,36.0,15.0,7.0,13.0
0.0,1.0,0.0,0.0,1.0,106.0,1.0,193.0,32.0,4.0,6.0,85.0,31.0,16.0,7.0,12.0
0.0,1.0,0.0,0.0,1.0,109.0,0.0,196.0,19.1,8.0,3.0,81.0,41.0,14.0,5.0,8.0
0.0,1.0,0.0,0.0,1.0,120.0,0.0,185.0,28.9,4.0,1.0,94.0,35.0,10.0,16.0,23.0
0.0,1.0,0.0,0.0,1.0,146.0,1.0,185.0,28.9,3.0,2.0,93.0,33.0,14.0,11.0,18.0
0.0,1.0,0.0,0.0,1.0,249.0,0.0,190.0,28.0,12.0,1.0,149.0,63.0,28.0,13.0,19.0
0.0,0.0,1.0,0.0,1.0,176.0,0.0,185.0,33.8,14.0,3.0,141.0,70.0,23.0,6.0,10.0
0.0,0.0,0.0,1.0,1.0,200.0,0.0,185.0,34.0,11.0,5.0,137.0,62.0,23.0,7.0,13.0
0.0,0.0,0.0,1.0,0.0,91.0,1.0,185.0,29.3,0.0,1.0,48.0,19.0,5.0,1.0,5.0
0.0,0.0,0.0,1.0,0.0,78.0,0.0,188.0,30.4,5.0,3.0,69.0,31.0,4.0,9.0,13.0
0.0,0.0,0.0,1.0,0.0,93.0,0.0,190.0,28.4,4.0,2.0,67.0,23.0,11.0,5.0,9.0
0.0,0.0,0.0,1.0,0.0,80.0,0.0,185.0,34.2,6.0,2.0,59.0,27.0,9.0,6.0,9.0
0.0,0.0,0.0,1.0,0.0,51.0,0.0,196.0,31.0,1.0,4.0,55.0,18.0,8.0,7.0,12.0
0.0,0.0,0.0,1.0,0.0,69.0,1.0,188.0,32.1,4.0,2.0,52.0,19.0,6.0,4.0,8.0
0.0,0.0,0.0,1.0,0.0,93.0,0.0,188.0,28.6,3.0,5.0,65.0,22.0,10.0,2.0,7.0
0.0,0.0,0.0,1.0,0.0,102.0,0.0,196.0,30.2,4.0,4.0,68.0,28.0,13.0,3.0,5.0
0.0,0.0,0.0,1.0,0.0,73.0,1.0,185.0,29.5,3.0,1.0,43.0,14.0,6.0,3.0,7.0
0.0,0.0,0.0,1.0,1.0,115.0,0.0,188.0,19.6,5.0,2.0,90.0,33.0,16.0,2.0,7.0
0.0,0.0,0.0,1.0,1.0,100.0,0.0,191.0,19.2,9.0,6.0,92.0,42.0,8.0,6.0,11.0
0.0,0.0,0.0,1.0,1.0,141.0,0.0,190.0,31.9,5.0,0.0,96.0,44.0,16.0,3.0,6.0
0.0,0.0,0.0,1.0,1.0,272.0,0.0,183.0,31.0,2.0,4.0,192.0,87.0,24.0,19.0,25.0
0.0,0.0,0.0,1.0,1.0,127.0,0.0,178.0,26.0,9.0,4.0,84.0,29.0,14.0,5.0,11.0
0.0,0.0,0.0,1.0,1.0,139.0,0.0,185.0,34.4,5.0,1.0,100.0,35.0,21.0,4.0,9.0
0.0,0.0,0.0,1.0,1.0,173.0,0.0,190.0,28.6,12.0,5.0,111.0,48.0,14.0,7.0,12.0
0.0,0.0,0.0,1.0,0.0,65.0,0.0,180.0,33.8,2.0,3.0,68.0,21.0,13.0,9.0,13.0
0.0,0.0,0.0,1.0,0.0,65.0,0.0,185.0,32.0,2.0,4.0,62.0,17.0,12.0,12.0,16.0
0.0,0.0,0.0,1.0,1.0,113.0,0.0,193.0,29.0,2.0,6.0,92.0,36.0,11.0,9.0,15.0
0.0,0.0,0.0,1.0,1.0,297.0,0.0,183.0,28.1,7.0,2.0,177.0,65.0,39.0,9.0,16.0
0.0,0.0,0.0,1.0,0.0,106.0,0.0,183.0,22.6,2.0,4.0,85.0,26.0,17.0,9.0,14.0
0.0,0.0,0.0,1.0,0.0,99.0,0.0,178.0,32.3,3.0,3.0,67.0,31.0,8.0,2.0,6.0
0.0,0.0,0.0,1.0,0.0,65.0,1.0,188.0,34.4,5.0,0.0,55.0,22.0,12.0,3.0,6.0
0.0,0.0,0.0,1.0,0.0,126.0,0.0,188.0,30.8,4.0,7.0,91.0,33.0,19.0,6.0,8.0
0.0,0.0,0.0,1.0,0.0,118.0,1.0,185.0,29.7,2.0,0.0,93.0,40.0,11.0,9.0,12.0
0.0,0.0,0.0,1.0,0.0,77.0,0.0,196.0,25.1,4.0,2.0,60.0,23.0,3.0,6.0,11.0
0.0,0.0,0.0,1.0,0.0,80.0,0.0,188.0,21.1,0.0,2.0,72.0,27.0,11.0,7.0,11.0
0.0,0.0,0.0,1.0,0.0,77.0,0.0,185.0,26.9,0.0,3.0,62.0,19.0,6.0,6.0,12.0
0.0,0.0,0.0,1.0,0.0,109.0,0.0,185.0,22.5,2.0,5.0,59.0,28.0,6.0,3.0,6.0
0.0,0.0,0.0,1.0,0.0,99.0,0.0,196.0,30.5,0.0,5.0,65.0,27.0,6.0,6.0,10.0
0.0,0.0,0.0,1.0,0.0,125.0,0.0,180.0,25.2,8.0,2.0,81.0,33.0,17.0,2.0,4.0
0.0,0.0,0.0,1.0,0.0,86.0,0.0,178.0,26.2,0.0,5.0,66.0,18.0,14.0,4.0,9.0
0.0,1.0,0.0,0.0,0.0,78.0,0.0,188.0,19.4,4.0,0.0,50.0,18.0,10.0,2.0,5.0
0.0,1.0,0.0,0.0,0.0,68.0,0.0,183.0,28.0,1.0,0.0,50.0,13.0,9.0,3.0,8.0
0.0,1.0,0.0,0.0,0.0,104.0,0.0,196.0,25.3,4.0,2.0,69.0,31.0,10.0,8.0,10.0
0.0,1.0,0.0,0.0,0.0,118.0,0.0,178.0,26.3,1.0,2.0,80.0,34.0,14.0,5.0,7.0
0.0,1.0,0.0,0.0,0.0,126.0,0.0,190.0,28.9,10.0,2.0,75.0,36.0,7.0,2.0,6.0
0.0,1.0,0.0,0.0,0.0,86.0,0.0,185.0,35.9,4.0,0.0,67.0,29.0,13.0,2.0,5.0
0.0,1.0,0.0,0.0,0.0,97.0,1.0,188.0,28.3,1.0,3.0,59.0,21.0,15.0,0.0,3.0
0.0,1.0,0.0,0.0,0.0,144.0,1.0,185.0,29.9,2.0,1.0,92.0,45.0,11.0,6.0,9.0
0.0,1.0,0.0,0.0,0.0,181.0,0.0,178.0,26.3,4.0,2.0,124.0,48.0,27.0,12.0,14.0
0.0,1.0,0.0,0.0,1.0,90.0,0.0,180.0,32.7,2.0,4.0,84.0,28.0,11.0,7.0,14.0
0.0,1.0,0.0,0.0,1.0,137.0,0.0,178.0,32.1,3.0,5.0,98.0,34.0,22.0,7.0,12.0
0.0,1.0,0.0,0.0,1.0,122.0,0.0,181.0,26.8,8.0,2.0,92.0,34.0,11.0,10.0,17.0
0.0,1.0,0.0,0.0,1.0,192.0,0.0,183.0,28.1,1.0,2.0,142.0,55.0,17.0,13.0,22.0
0.0,1.0,0.0,0.0,1.0,126.0,0.0,196.0,30.6,4.0,3.0,81.0,31.0,13.0,2.0,8.0
0.0,1.0,0.0,0.0,1.0,108.0,0.0,185.0,22.7,2.0,3.0,83.0,27.0,15.0,7.0,13.0
0.0,1.0,0.0,0.0,1.0,183.0,0.0,190.0,29.0,5.0,3.0,109.0,34.0,22.0,7.0,14.0
0.0,0.0,1.0,0.0,1.0,122.0,0.0,190.0,29.3,10.0,5.0,103.0,39.0,18.0,5.0,10.0
0.0,0.0,1.0,0.0,1.0,124.0,1.0,183.0,27.9,5.0,3.0,95.0,46.0,15.0,4.0,7.0
0.0,0.0,0.0,1.0,0.0,103.0,1.0,193.0,33.2,11.0,3.0,77.0,33.0,12.0,2.0,5.0
0.0,0.0,0.0,1.0,0.0,88.0,0.0,185.0,37.6,5.0,4.0,71.0,19.0,19.0,6.0,10.0
0.0,0.0,0.0,1.0,0.0,120.0,0.0,196.0,30.8,8.0,4.0,72.0,27.0,18.0,2.0,4.0
0.0,0.0,0.0,1.0,0.0,73.0,0.0,193.0,29.8,2.0,1.0,48.0,16.0,7.0,1.0,5.0
0.0,0.0,0.0,1.0,0.0,82.0,0.0,178.0,26.5,4.0,2.0,59.0,26.0,9.0,2.0,5.0
0.0,0.0,0.0,1.0,1.0,157.0,0.0,203.0,25.7,5.0,13.0,117.0,40.0,22.0,13.0,20.0
0.0,0.0,0.0,1.0,1.0,31.0,0.0,183.0,34.1,2.0,0.0,25.0,5.0,9.0,1.0,2.0
0.0,0.0,0.0,1.0,1.0,115.0,0.0,188.0,21.6,3.0,1.0,89.0,30.0,10.0,7.0,15.0
0.0,0.0,0.0,1.0,1.0,83.0,0.0,188.0,31.3,3.0,5.0,59.0,23.0,7.0,5.0,9.0
0.0,0.0,0.0,1.0,1.0,152.0,0.0,193.0,29.9,11.0,11.0,111.0,37.0,19.0,12.0,20.0
0.0,0.0,0.0,1.0,0.0,75.0,0.0,178.0,29.3,0.0,7.0,59.0,19.0,10.0,1.0,5.0
0.0,0.0,0.0,1.0,0.0,80.0,0.0,193.0,26.2,12.0,6.0,65.0,30.0,8.0,3.0,6.0
0.0,0.0,0.0,1.0,0.0,140.0,1.0,190.0,29.1,8.0,1.0,88.0,45.0,10.0,6.0,9.0
0.0,0.0,0.0,1.0,0.0,80.0,1.0,193.0,33.4,5.0,4.0,63.0,30.0,9.0,2.0,4.0
0.0,0.0,0.0,1.0,0.0,143.0,0.0,188.0,25.4,6.0,7.0,95.0,37.0,17.0,2.0,6.0
0.0,0.0,0.0,1.0,0.0,122.0,0.0,185.0,23.1,4.0,3.0,96.0,43.0,11.0,1.0,6.0
0.0,0.0,0.0,1.0,0.0,69.0,0.0,180.0,25.9,1.0,4.0,47.0,13.0,9.0,2.0,6.0
0.0,0.0,0.0,1.0,0.0,134.0,0.0,196.0,25.8,14.0,3.0,78.0,38.0,12.0,0.0,2.0
0.0,0.0,0.0,1.0,0.0,66.0,0.0,178.0,26.8,4.0,1.0,55.0,18.0,4.0,5.0,11.0
0.0,0.0,0.0,1.0,0.0,86.0,0.0,193.0,26.6,9.0,1.0,74.0,26.0,14.0,5.0,9.0
0.0,0.0,0.0,1.0,0.0,71.0,1.0,188.0,31.6,4.0,2.0,54.0,22.0,11.0,0.0,2.0
0.0,0.0,0.0,1.0,0.0,91.0,0.0,185.0,38.0,2.0,5.0,61.0,25.0,6.0,2.0,6.0
0.0,0.0,0.0,1.0,0.0,142.0,1.0,188.0,33.1,2.0,3.0,101.0,44.0,16.0,3.0,7.0
0.0,0.0,0.0,1.0,0.0,174.0,0.0,190.0,29.6,8.0,4.0,84.0,39.0,16.0,1.0,4.0
0.0,0.0,0.0,1.0,1.0,140.0,1.0,188.0,33.1,5.0,5.0,106.0,33.0,20.0,10.0,16.0
0.0,0.0,0.0,1.0,0.0,136.0,0.0,198.0,20.9,7.0,2.0,96.0,29.0,20.0,6.0,13.0
0.0,0.0,0.0,1.0,0.0,94.0,1.0,190.0,27.6,2.0,3.0,61.0,31.0,5.0,1.0,4.0
0.0,0.0,0.0,1.0,0.0,158.0,0.0,198.0,28.4,3.0,3.0,85.0,36.0,13.0,2.0,7.0
0.0,0.0,0.0,1.0,0.0,111.0,0.0,188.0,22.1,4.0,3.0,78.0,32.0,15.0,5.0,8.0
0.0,0.0,0.0,1.0,0.0,137.0,0.0,198.0,28.4,13.0,3.0,91.0,41.0,10.0,8.0,13.0
0.0,0.0,0.0,1.0,1.0,115.0,1.0,188.0,29.2,6.0,5.0,74.0,30.0,14.0,5.0,9.0
0.0,1.0,0.0,0.0,0.0,146.0,0.0,188.0,25.7,0.0,0.0,96.0,42.0,8.0,8.0,14.0
0.0,1.0,0.0,0.0,0.0,135.0,0.0,183.0,31.7,11.0,3.0,94.0,40.0,14.0,6.0,11.0
0.0,1.0,0.0,0.0,0.0,93.0,1.0,188.0,35.6,5.0,0.0,56.0,29.0,12.0,3.0,5.0
0.0,1.0,0.0,0.0,0.0,105.0,0.0,181.0,27.8,4.0,1.0,74.0,29.0,14.0,4.0,7.0
0.0,1.0,0.0,0.0,0.0,101.0,0.0,183.0,29.0,1.0,1.0,64.0,27.0,9.0,4.0,7.0
0.0,1.0,0.0,0.0,0.0,59.0,0.0,185.0,23.6,0.0,1.0,37.0,11.0,2.0,2.0,7.0
0.0,1.0,0.0,0.0,1.0,147.0,0.0,190.0,31.1,5.0,0.0,102.0,33.0,16.0,12.0,20.0
0.0,1.0,0.0,0.0,1.0,127.0,0.0,185.0,28.1,2.0,2.0,83.0,28.0,15.0,8.0,14.0
0.0,1.0,0.0,0.0,1.0,198.0,0.0,170.0,24.7,4.0,5.0,153.0,57.0,24.0,13.0,21.0
0.0,1.0,0.0,0.0,1.0,147.0,1.0,188.0,29.3,3.0,2.0,99.0,34.0,16.0,3.0,10.0
0.0,0.0,1.0,0.0,0.0,85.0,0.0,193.0,27.0,10.0,2.0,57.0,23.0,12.0,3.0,5.0
0.0,0.0,1.0,0.0,0.0,95.0,1.0,183.0,27.9,5.0,3.0,76.0,33.0,11.0,7.0,10.0
0.0,0.0,1.0,0.0,0.0,82.0,0.0,198.0,21.3,4.0,3.0,59.0,23.0,13.0,3.0,6.0
0.0,0.0,1.0,0.0,0.0,76.0,0.0,193.0,30.8,6.0,1.0,63.0,30.0,7.0,3.0,6.0
0.0,0.0,1.0,0.0,1.0,40.0,1.0,190.0,27.9,0.0,2.0,33.0,12.0,5.0,2.0,4.0
0.0,0.0,1.0,0.0,1.0,93.0,0.0,186.0,22.7,5.0,4.0,84.0,26.0,15.0,11.0,18.0
0.0,0.0,1.0,0.0,1.0,131.0,0.0,190.0,28.8,13.0,7.0,102.0,44.0,15.0,7.0,11.0
0.0,0.0,1.0,0.0,1.0,133.0,1.0,183.0,29.0,2.0,1.0,102.0,43.0,16.0,6.0,10.0
0.0,0.0,0.0,1.0,1.0,111.0,1.0,183.0,28.4,2.0,2.0,103.0,28.0,24.0,19.0,25.0
0.0,0.0,0.0,1.0,1.0,165.0,0.0,193.0,31.3,5.0,15.0,114.0,38.0,22.0,8.0,15.0
0.0,0.0,0.0,1.0,1.0,141.0,1.0,188.0,29.9,3.0,3.0,96.0,34.0,20.0,7.0,12.0
0.0,1.0,0.0,0.0,0.0,56.0,0.0,180.0,27.7,0.0,1.0,36.0,6.0,6.0,4.0,9.0
0.0,1.0,0.0,0.0,0.0,135.0,0.0,188.0,21.4,1.0,3.0,80.0,31.0,14.0,4.0,8.0
0.0,1.0,0.0,0.0,0.0,119.0,0.0,178.0,28.3,1.0,1.0,84.0,34.0,15.0,4.0,7.0
0.0,1.0,0.0,0.0,0.0,55.0,0.0,180.0,29.5,0.0,2.0,46.0,13.0,9.0,1.0,5.0
0.0,1.0,0.0,0.0,0.0,77.0,0.0,185.0,26.2,1.0,9.0,51.0,20.0,9.0,2.0,5.0
0.0,1.0,0.0,0.0,0.0,88.0,1.0,188.0,30.3,2.0,0.0,57.0,18.0,12.0,1.0,5.0
0.0,1.0,0.0,0.0,0.0,141.0,0.0,178.0,28.3,2.0,2.0,85.0,31.0,11.0,4.0,10.0
0.0,1.0,0.0,0.0,1.0,125.0,0.0,178.0,34.3,4.0,5.0,101.0,42.0,10.0,5.0,11.0
0.0,1.0,0.0,0.0,1.0,138.0,0.0,183.0,21.0,3.0,3.0,94.0,38.0,16.0,2.0,7.0
0.0,1.0,0.0,0.0,1.0,228.0,0.0,183.0,30.1,3.0,2.0,152.0,60.0,25.0,10.0,18.0
0.0,1.0,0.0,0.0,1.0,145.0,1.0,188.0,34.5,3.0,2.0,99.0,37.0,18.0,5.0,10.0
0.0,0.0,1.0,0.0,0.0,65.0,0.0,183.0,29.0,2.0,3.0,68.0,23.0,10.0,8.0,13.0
0.0,0.0,1.0,0.0,0.0,65.0,0.0,188.0,27.0,8.0,5.0,48.0,16.0,11.0,3.0,6.0
0.0,0.0,1.0,0.0,0.0,78.0,1.0,183.0,29.9,4.0,2.0,63.0,24.0,9.0,9.0,13.0
0.0,0.0,1.0,0.0,0.0,92.0,0.0,188.0,31.3,5.0,2.0,75.0,40.0,10.0,2.0,3.0
0.0,0.0,1.0,0.0,1.0,93.0,0.0,188.0,26.9,5.0,4.0,94.0,34.0,11.0,12.0,19.0
0.0,0.0,1.0,0.0,1.0,91.0,1.0,188.0,33.1,7.0,5.0,81.0,34.0,7.0,7.0,13.0
0.0,0.0,1.0,0.0,1.0,174.0,0.0,188.0,23.4,11.0,4.0,135.0,53.0,27.0,13.0,17.0
0.0,0.0,1.0,0.0,1.0,106.0,0.0,198.0,22.1,4.0,1.0,84.0,28.0,13.0,7.0,14.0
0.0,0.0,1.0,0.0,1.0,155.0,0.0,178.0,28.5,3.0,1.0,117.0,47.0,16.0,7.0,14.0
0.0,0.0,1.0,0.0,1.0,315.0,1.0,185.0,32.0,9.0,4.0,210.0,100.0,34.0,15.0,19.0
0.0,0.0,1.0,0.0,1.0,139.0,0.0,203.0,32.1,10.0,5.0,80.0,34.0,15.0,0.0,4.0
0.0,0.0,0.0,1.0,0.0,90.0,0.0,188.0,27.0,3.0,2.0,69.0,20.0,17.0,2.0,5.0
0.0,0.0,0.0,1.0,0.0,84.0,0.0,180.0,30.1,0.0,2.0,56.0,20.0,14.0,4.0,6.0
0.0,0.0,0.0,1.0,0.0,122.0,0.0,188.0,28.6,4.0,5.0,93.0,30.0,20.0,9.0,12.0
0.0,0.0,0.0,1.0,0.0,128.0,1.0,183.0,30.1,4.0,2.0,76.0,29.0,11.0,3.0,8.0
0.0,0.0,0.0,1.0,0.0,139.0,0.0,188.0,27.2,10.0,3.0,82.0,41.0,10.0,2.0,5.0
0.0,0.0,0.0,1.0,0.0,151.0,0.0,196.0,27.6,21.0,9.0,109.0,49.0,18.0,10.0,14.0
0.0,0.0,0.0,1.0,0.0,152.0,0.0,198.0,29.8,12.0,4.0,90.0,41.0,14.0,4.0,8.0
0.0,0.0,0.0,1.0,0.0,84.0,0.0,185.0,37.0,11.0,4.0,77.0,30.0,15.0,3.0,6.0
0.0,0.0,0.0,1.0,1.0,179.0,0.0,188.0,26.5,3.0,5.0,106.0,43.0,17.0,7.0,13.0
0.0,0.0,0.0,1.0,1.0,166.0,0.0,188.0,27.0,11.0,4.0,129.0,51.0,21.0,9.0,16.0
0.0,0.0,0.0,1.0,1.0,131.0,0.0,185.0,32.1,10.0,4.0,97.0,40.0,11.0,7.0,12.0
0.0,0.0,0.0,1.0,1.0,120.0,0.0,185.0,29.4,4.0,5.0,80.0,30.0,15.0,1.0,6.0
0.0,0.0,0.0,1.0,1.0,169.0,0.0,183.0,29.2,3.0,4.0,115.0,51.0,15.0,16.0,20.0
0.0,0.0,0.0,1.0,1.0,143.0,0.0,178.0,28.6,2.0,2.0,101.0,37.0,20.0,13.0,17.0
0.0,0.0,0.0,1.0,1.0,196.0,0.0,198.0,29.9,6.0,1.0,89.0,38.0,16.0,3.0,7.0
0.0,0.0,0.0,1.0,0.0,83.0,0.0,188.0,31.6,7.0,3.0,65.0,31.0,8.0,2.0,5.0
0.0,0.0,0.0,1.0,0.0,69.0,0.0,185.0,26.0,3.0,3.0,63.0,21.0,10.0,7.0,11.0
0.0,0.0,0.0,1.0,0.0,103.0,0.0,203.0,32.3,16.0,4.0,73.0,36.0,10.0,1.0,2.0
0.0,0.0,0.0,1.0,0.0,60.0,0.0,198.0,21.4,2.0,3.0,34.0,10.0,6.0,2.0,6.0
0.0,0.0,0.0,1.0,0.0,96.0,0.0,188.0,21.8,3.0,1.0,72.0,34.0,9.0,7.0,9.0
0.0,0.0,0.0,1.0,0.0,93.0,0.0,185.0,29.5,4.0,2.0,57.0,25.0,6.0,4.0,8.0
0.0,0.0,0.0,1.0,0.0,53.0,0.0,172.0,26.4,0.0,4.0,46.0,15.0,7.0,5.0,8.0
0.0,0.0,0.0,1.0,0.0,130.0,0.0,198.0,30.0,8.0,0.0,83.0,38.0,11.0,9.0,13.0
0.0,0.0,0.0,1.0,0.0,182.0,0.0,185.0,37.2,17.0,2.0,139.0,69.0,25.0,12.0,12.0
0.0,0.0,0.0,1.0,0.0,73.0,0.0,206.0,33.5,13.0,2.0,65.0,30.0,8.0,6.0,9.0
0.0,0.0,0.0,1.0,0.0,95.0,0.0,198.0,30.1,8.0,2.0,77.0,35.0,15.0,6.0,8.0
0.0,0.0,0.0,1.0,0.0,76.0,0.0,198.0,21.5,9.0,2.0,50.0,20.0,7.0,2.0,5.0
0.0,0.0,0.0,1.0,0.0,75.0,0.0,203.0,32.4,4.0,3.0,60.0,23.0,7.0,5.0,9.0
0.0,0.0,0.0,1.0,0.0,116.0,0.0,185.0,26.8,4.0,3.0,82.0,39.0,12.0,3.0,7.0
0.0,0.0,0.0,1.0,0.0,120.0,0.0,188.0,26.8,6.0,3.0,85.0,33.0,16.0,2.0,6.0
0.0,0.0,0.0,1.0,0.0,55.0,0.0,172.0,26.6,0.0,2.0,48.0,17.0,5.0,4.0,8.0
0.0,0.0,0.0,1.0,1.0,124.0,1.0,185.0,32.6,3.0,2.0,73.0,24.0,16.0,3.0,8.0
0.0,0.0,0.0,1.0,1.0,52.0,0.0,178.0,29.0,0.0,3.0,47.0,16.0,5.0,0.0,4.0
0.0,0.0,0.0,1.0,1.0,195.0,0.0,198.0,22.9,18.0,6.0,142.0,65.0,17.0,11.0,18.0
0.0,0.0,0.0,1.0,1.0,142.0,1.0,185.0,19.7,6.0,5.0,108.0,43.0,15.0,5.0,13.0
0.0,0.0,0.0,1.0,1.0,83.0,0.0,185.0,24.8,4.0,3.0,74.0,27.0,9.0,5.0,12.0
0.0,0.0,0.0,1.0,1.0,123.0,0.0,188.0,25.0,2.0,2.0,117.0,46.0,13.0,14.0,20.0
0.0,0.0,0.0,1.0,1.0,124.0,0.0,188.0,33.7,10.0,1.0,92.0,36.0,19.0,4.0,9.0
0.0,0.0,0.0,1.0,0.0,89.0,0.0,183.0,25.6,6.0,5.0,69.0,23.0,14.0,2.0,5.0
0.0,0.0,0.0,1.0,0.0,120.0,1.0,190.0,28.4,8.0,5.0,84.0,36.0,12.0,7.0,12.0
0.0,0.0,0.0,1.0,0.0,73.0,0.0,193.0,26.4,9.0,4.0,64.0,28.0,10.0,1.0,4.0
0.0,1.0,0.0,0.0,0.0,68.0,0.0,193.0,21.4,2.0,6.0,63.0,19.0,8.0,4.0,10.0
0.0,1.0,0.0,0.0,0.0,156.0,0.0,178.0,35.4,3.0,2.0,89.0,31.0,18.0,5.0,10.0
0.0,1.0,0.0,0.0,0.0,92.0,0.0,193.0,20.7,1.0,1.0,56.0,20.0,13.0,3.0,5.0
0.0,1.0,0.0,0.0,0.0,142.0,0.0,185.0,25.6,2.0,2.0,81.0,27.0,21.0,0.0,3.0
0.0,1.0,0.0,0.0,0.0,85.0,0.0,188.0,32.2,3.0,1.0,57.0,26.0,10.0,2.0,4.0
0.0,1.0,0.0,0.0,0.0,65.0,0.0,193.0,21.5,4.0,1.0,60.0,24.0,11.0,0.0,3.0
0.0,1.0,0.0,0.0,0.0,151.0,0.0,170.0,26.7,0.0,2.0,80.0,33.0,19.0,1.0,5.0
0.0,1.0,0.0,0.0,0.0,181.0,0.0,198.0,30.6,12.0,1.0,114.0,55.0,18.0,9.0,11.0
0.0,1.0,0.0,0.0,0.0,62.0,0.0,178.0,35.5,2.0,0.0,38.0,11.0,7.0,0.0,4.0
0.0,1.0,0.0,0.0,0.0,66.0,1.0,185.0,20.0,2.0,3.0,61.0,18.0,12.0,9.0,13.0
0.0,1.0,0.0,0.0,1.0,96.0,0.0,196.0,22.2,8.0,2.0,74.0,26.0,12.0,3.0,9.0
0.0,1.0,0.0,0.0,1.0,93.0,0.0,185.0,27.1,6.0,1.0,82.0,32.0,13.0,4.0,10.0
0.0,1.0,0.0,0.0,1.0,124.0,0.0,185.0,26.4,0.0,2.0,81.0,32.0,11.0,6.0,11.0
0.0,1.0,0.0,0.0,1.0,93.0,0.0,193.0,29.0,4.0,3.0,70.0,26.0,14.0,2.0,7.0
0.0,1.0,0.0,0.0,1.0,129.0,0.0,198.0,22.0,10.0,8.0,84.0,38.0,9.0,5.0,11.0
0.0,0.0,1.0,0.0,1.0,123.0,0.0,178.0,35.7,9.0,3.0,100.0,32.0,23.0,8.0,14.0
0.0,0.0,1.0,0.0,1.0,93.0,0.0,180.0,26.8,3.0,4.0,76.0,28.0,7.0,6.0,13.0
0.0,0.0,1.0,0.0,1.0,180.0,0.0,196.0,22.3,13.0,7.0,135.0,56.0,28.0,13.0,17.0
0.0,0.0,1.0,0.0,1.0,102.0,1.0,188.0,21.0,6.0,2.0,85.0,33.0,13.0,4.0,9.0
0.0,0.0,1.0,0.0,1.0,117.0,0.0,180.0,28.5,4.0,5.0,76.0,21.0,16.0,3.0,10.0
0.0,0.0,1.0,0.0,1.0,169.0,0.0,183.0,31.2,5.0,2.0,106.0,48.0,17.0,3.0,8.0
0.0,0.0,1.0,0.0,1.0,297.0,0.0,185.0,37.8,25.0,6.0,203.0,100.0,39.0,5.0,8.0
0.0,0.0,0.0,1.0,0.0,86.0,0.0,185.0,25.4,2.0,5.0,62.0,24.0,12.0,2.0,4.0
0.0,0.0,0.0,1.0,0.0,90.0,0.0,188.0,28.0,0.0,2.0,62.0,26.0,11.0,4.0,6.0
0.0,0.0,0.0,1.0,0.0,78.0,0.0,198.0,31.8,9.0,4.0,64.0,19.0,15.0,3.0,7.0
0.0,0.0,0.0,1.0,1.0,112.0,0.0,183.0,26.4,5.0,5.0,91.0,32.0,21.0,7.0,11.0
0.0,0.0,0.0,1.0,1.0,135.0,0.0,180.0,26.0,6.0,5.0,103.0,31.0,18.0,9.0,18.0
0.0,0.0,0.0,1.0,1.0,123.0,0.0,180.0,27.0,6.0,3.0,90.0,33.0,20.0,5.0,9.0
0.0,0.0,0.0,1.0,0.0,69.0,0.0,183.0,30.2,1.0,0.0,49.0,16.0,13.0,1.0,4.0
0.0,0.0,0.0,1.0,0.0,89.0,0.0,180.0,28.8,7.0,1.0,65.0,29.0,12.0,4.0,6.0
0.0,0.0,0.0,1.0,0.0,50.0,0.0,185.0,25.5,0.0,2.0,36.0,11.0,3.0,1.0,6.0
0.0,0.0,0.0,1.0,0.0,94.0,0.0,178.0,35.0,3.0,1.0,79.0,27.0,15.0,8.0,12.0
0.0,0.0,0.0,1.0,0.0,89.0,0.0,196.0,20.1,8.0,5.0,81.0,30.0,15.0,9.0,12.0
0.0,0.0,0.0,1.0,0.0,74.0,0.0,206.0,34.4,9.0,0.0,63.0,28.0,11.0,0.0,2.0
0.0,0.0,0.0,1.0,0.0,70.0,1.0,185.0,20.4,5.0,2.0,59.0,20.0,12.0,3.0,6.0
0.0,0.0,0.0,1.0,0.0,65.0,1.0,185.0,20.5,11.0,3.0,53.0,30.0,3.0,2.0,4.0
0.0,0.0,0.0,1.0,0.0,98.0,0.0,188.0,28.4,7.0,1.0,60.0,32.0,13.0,1.0,2.0
0.0,0.0,0.0,1.0,0.0,58.0,0.0,193.0,21.2,3.0,3.0,42.0,15.0,6.0,5.0,9.0
0.0,0.0,0.0,1.0,0.0,82.0,0.0,188.0,24.8,4.0,2.0,63.0,22.0,14.0,2.0,5.0
0.0,0.0,0.0,1.0,0.0,106.0,1.0,178.0,20.5,1.0,3.0,77.0,33.0,10.0,4.0,7.0
0.0,0.0,0.0,1.0,0.0,63.0,0.0,196.0,23.5,4.0,2.0,48.0,16.0,4.0,2.0,7.0
0.0,0.0,0.0,1.0,0.0,69.0,0.0,196.0,30.5,6.0,5.0,59.0,25.0,8.0,3.0,6.0
0.0,0.0,0.0,1.0,0.0,67.0,1.0,170.0,24.1,0.0,1.0,72.0,22.0,10.0,8.0,13.0
0.0,0.0,0.0,1.0,0.0,74.0,0.0,198.0,23.4,4.0,1.0,54.0,22.0,9.0,1.0,4.0
0.0,0.0,0.0,1.0,0.0,115.0,1.0,185.0,33.5,5.0,3.0,70.0,39.0,6.0,6.0,8.0
0.0,0.0,0.0,1.0,0.0,167.0,0.0,198.0,23.9,6.0,5.0,108.0,35.0,25.0,6.0,11.0
0.0,0.0,0.0,1.0,0.0,160.0,1.0,185.0,20.7,15.0,7.0,85.0,36.0,19.0,2.0,5.0
0.0,0.0,0.0,1.0,0.0,91.0,0.0,193.0,33.3,5.0,5.0,55.0,26.0,5.0,0.0,3.0
0.0,0.0,0.0,1.0,0.0,139.0,0.0,203.0,33.6,17.0,3.0,105.0,52.0,13.0,7.0,8.0
0.0,0.0,0.0,1.0,0.0,72.0,0.0,185.0,23.6,6.0,3.0,48.0,17.0,11.0,0.0,4.0
0.0,0.0,0.0,1.0,1.0,136.0,0.0,193.0,29.7,13.0,7.0,112.0,41.0,20.0,4.0,11.0
0.0,0.0,0.0,1.0,1.0,95.0,0.0,180.0,31.6,9.0,1.0,77.0,33.0,9.0,4.0,9.0
0.0,0.0,0.0,1.0,1.0,85.0,1.0,170.0,24.3,1.0,4.0,74.0,29.0,12.0,1.0,6.0
0.0,0.0,0.0,1.0,1.0,126.0,0.0,170.0,27.4,1.0,4.0,89.0,31.0,19.0,4.0,8.0
0.0,0.0,0.0,1.0,1.0,169.0,0.0,196.0,29.0,18.0,6.0,128.0,58.0,20.0,14.0,16.0
0.0,0.0,0.0,1.0,1.0,138.0,0.0,185.0,38.4,15.0,3.0,104.0,45.0,15.0,7.0,11.0
0.0,0.0,0.0,1.0,1.0,239.0,0.0,185.0,26.3,13.0,5.0,170.0,75.0,28.0,7.0,12.0
0.0,0.0,0.0,1.0,0.0,77.0,0.0,193.0,21.5,8.0,3.0,48.0,24.0,4.0,0.0,3.0
0.0,0.0,0.0,1.0,0.0,155.0,0.0,193.0,33.4,8.0,6.0,102.0,40.0,15.0,7.0,11.0
0.0,0.0,0.0,1.0,0.0,66.0,0.0,198.0,23.7,3.0,4.0,49.0,14.0,7.0,4.0,9.0
0.0,0.0,0.0,1.0,0.0,59.0,0.0,178.0,36.3,2.0,1.0,44.0,19.0,3.0,3.0,7.0
0.0,0.0,0.0,1.0,0.0,60.0,0.0,185.0,36.0,2.0,3.0,46.0,9.0,12.0,4.0,8.0
0.0,0.0,0.0,1.0,0.0,120.0,0.0,196.0,29.6,10.0,3.0,71.0,35.0,10.0,2.0,5.0
0.0,0.0,0.0,1.0,0.0,180.0,0.0,183.0,32.3,2.0,4.0,110.0,44.0,15.0,8.0,14.0
0.0,0.0,0.0,1.0,0.0,62.0,0.0,193.0,30.3,5.0,8.0,46.0,12.0,8.0,4.0,9.0
0.0,0.0,0.0,1.0,0.0,88.0,0.0,188.0,29.0,7.0,3.0,73.0,32.0,10.0,6.0,9.0
0.0,0.0,0.0,1.0,0.0,101.0,0.0,175.0,30.1,0.0,4.0,70.0,25.0,12.0,3.0,7.0
0.0,0.0,0.0,1.0,1.0,118.0,0.0,172.0,28.2,2.0,8.0,95.0,29.0,15.0,12.0,19.0
0.0,0.0,0.0,1.0,1.0,193.0,0.0,188.0,25.6,7.0,6.0,139.0,53.0,27.0,6.0,12.0
0.0,0.0,0.0,1.0,1.0,103.0,0.0,193.0,30.3,8.0,3.0,76.0,27.0,14.0,6.0,11.0
0.0,1.0,0.0,0.0,0.0,113.0,0.0,170.0,28.0,1.0,3.0,66.0,25.0,8.0,4.0,9.0
0.0,1.0,0.0,0.0,0.0,131.0,0.0,183.0,21.7,2.0,1.0,84.0,36.0,12.0,6.0,9.0
0.0,1.0,0.0,0.0,0.0,130.0,1.0,180.0,26.3,4.0,4.0,102.0,38.0,13.0,15.0,21.0
0.0,1.0,0.0,0.0,0.0,127.0,0.0,185.0,28.5,3.0,3.0,96.0,40.0,14.0,10.0,13.0
0.0,1.0,0.0,0.0,0.0,84.0,0.0,185.0,27.7,3.0,2.0,62.0,23.0,11.0,5.0,8.0
0.0,1.0,0.0,0.0,1.0,98.0,0.0,183.0,22.0,2.0,5.0,72.0,20.0,8.0,2.0,11.0
0.0,1.0,0.0,0.0,1.0,83.0,0.0,175.0,30.2,0.0,1.0,53.0,20.0,6.0,1.0,7.0
0.0,1.0,0.0,0.0,1.0,128.0,0.0,191.0,24.2,4.0,2.0,94.0,30.0,13.0,4.0,11.0
0.0,1.0,0.0,0.0,1.0,143.0,0.0,198.0,24.3,5.0,4.0,111.0,42.0,16.0,9.0,15.0
0.0,1.0,0.0,0.0,1.0,190.0,0.0,188.0,29.2,3.0,3.0,112.0,50.0,15.0,7.0,13.0
0.0,1.0,0.0,0.0,1.0,234.0,0.0,193.0,22.1,7.0,5.0,168.0,67.0,27.0,14.0,22.0
0.0,0.0,0.0,1.0,0.0,127.0,0.0,188.0,23.9,9.0,1.0,81.0,36.0,18.0,4.0,6.0
0.0,0.0,0.0,1.0,0.0,118.0,0.0,185.0,28.6,4.0,2.0,95.0,33.0,17.0,7.0,11.0
0.0,0.0,0.0,1.0,0.0,96.0,0.0,198.0,23.5,12.0,6.0,57.0,36.0,5.0,3.0,4.0
0.0,0.0,0.0,1.0,0.0,78.0,0.0,170.0,28.2,1.0,1.0,52.0,20.0,7.0,2.0,6.0
0.0,0.0,0.0,1.0,0.0,120.0,0.0,188.0,29.7,8.0,6.0,90.0,38.0,13.0,7.0,11.0
0.0,0.0,0.0,1.0,0.0,73.0,0.0,193.0,24.0,5.0,4.0,59.0,20.0,7.0,4.0,9.0
0.0,0.0,0.0,1.0,0.0,137.0,0.0,196.0,24.7,12.0,2.0,104.0,49.0,12.0,8.0,12.0
0.0,0.0,0.0,1.0,0.0,135.0,0.0,198.0,25.7,7.0,3.0,88.0,30.0,18.0,1.0,6.0
0.0,1.0,0.0,0.0,0.0,94.0,0.0,188.0,19.6,1.0,3.0,73.0,22.0,14.0,5.0,10.0
0.0,1.0,0.0,0.0,0.0,98.0,0.0,193.0,23.5,4.0,4.0,64.0,20.0,16.0,3.0,6.0
0.0,1.0,0.0,0.0,0.0,70.0,0.0,183.0,21.9,0.0,3.0,54.0,17.0,7.0,5.0,10.0
0.0,1.0,0.0,0.0,0.0,196.0,0.0,193.0,22.7,5.0,1.0,141.0,52.0,24.0,17.0,23.0
0.0,1.0,0.0,0.0,0.0,164.0,0.0,191.0,25.9,3.0,3.0,99.0,44.0,16.0,8.0,12.0
0.0,0.0,0.0,1.0,0.0,90.0,0.0,183.0,22.8,9.0,4.0,69.0,27.0,11.0,2.0,5.0
0.0,0.0,0.0,1.0,0.0,68.0,0.0,188.0,24.0,6.0,1.0,52.0,19.0,7.0,2.0,6.0
0.0,0.0,0.0,1.0,0.0,66.0,1.0,188.0,26.2,1.0,2.0,51.0,15.0,9.0,5.0,10.0
0.0,1.0,0.0,0.0,0.0,68.0,0.0,180.0,23.3,3.0,3.0,56.0,15.0,10.0,3.0,8.0
0.0,1.0,0.0,0.0,0.0,75.0,0.0,183.0,21.6,1.0,2.0,51.0,11.0,12.0,5.0,10.0
0.0,1.0,0.0,0.0,1.0,118.0,0.0,188.0,29.8,5.0,1.0,94.0,30.0,20.0,6.0,11.0
0.0,1.0,0.0,0.0,1.0,126.0,0.0,180.0,35.4,5.0,3.0,74.0,30.0,11.0,3.0,8.0
0.0,1.0,0.0,0.0,1.0,92.0,0.0,175.0,30.9,1.0,3.0,75.0,31.0,7.0,3.0,9.0
0.0,1.0,0.0,0.0,1.0,207.0,0.0,185.0,19.2,1.0,2.0,121.0,38.0,24.0,0.0,9.0
0.0,1.0,0.0,0.0,1.0,208.0,0.0,196.0,25.1,11.0,3.0,144.0,67.0,21.0,5.0,9.0
0.0,1.0,0.0,0.0,1.0,251.0,1.0,185.0,34.9,6.0,8.0,133.0,51.0,19.0,14.0,22.0
0.0,1.0,0.0,0.0,1.0,251.0,0.0,193.0,22.8,14.0,4.0,177.0,73.0,34.0,11.0,16.0
0.0,0.0,1.0,0.0,1.0,120.0,1.0,191.0,19.5,4.0,6.0,106.0,42.0,18.0,9.0,15.0
0.0,0.0,1.0,0.0,1.0,101.0,0.0,203.0,35.1,11.0,4.0,77.0,30.0,13.0,4.0,8.0
0.0,0.0,1.0,0.0,1.0,137.0,0.0,180.0,28.8,6.0,3.0,96.0,30.0,28.0,6.0,10.0
0.0,0.0,1.0,0.0,1.0,109.0,0.0,185.0,25.0,2.0,5.0,85.0,27.0,17.0,7.0,12.0
0.0,0.0,1.0,0.0,1.0,137.0,0.0,188.0,29.3,5.0,5.0,101.0,38.0,19.0,10.0,14.0
0.0,0.0,1.0,0.0,1.0,164.0,1.0,185.0,22.2,5.0,6.0,108.0,57.0,15.0,7.0,10.0
0.0,0.0,1.0,0.0,1.0,204.0,0.0,196.0,25.2,16.0,3.0,154.0,69.0,24.0,9.0,15.0
0.0,0.0,0.0,1.0,1.0,135.0,0.0,185.0,18.3,1.0,4.0,93.0,30.0,22.0,6.0,14.0
0.0,0.0,0.0,1.0,1.0,99.0,0.0,188.0,25.1,5.0,2.0,76.0,28.0,9.0,4.0,10.0
0.0,0.0,0.0,1.0,1.0,212.0,0.0,178.0,31.6,6.0,3.0,143.0,59.0,22.0,9.0,16.0
0.0,0.0,0.0,1.0,1.0,179.0,0.0,188.0,20.8,4.0,1.0,106.0,48.0,11.0,6.0,12.0
0.0,0.0,0.0,1.0,1.0,207.0,0.0,196.0,25.3,17.0,2.0,147.0,55.0,28.0,11.0,16.0
0.0,0.0,0.0,1.0,1.0,214.0,0.0,198.0,24.3,16.0,8.0,124.0,58.0,23.0,3.0,9.0
0.0,0.0,0.0,1.0,1.0,91.0,0.0,188.0,33.9,3.0,3.0,86.0,30.0,13.0,7.0,13.0
0.0,0.0,0.0,1.0,1.0,210.0,0.0,188.0,23.0,23.0,8.0,148.0,58.0,34.0,9.0,14.0
0.0,0.0,0.0,1.0,1.0,205.0,0.0,193.0,23.2,24.0,1.0,153.0,69.0,33.0,5.0,9.0
0.0,0.0,0.0,1.0,1.0,176.0,0.0,196.0,30.1,26.0,3.0,123.0,57.0,23.0,8.0,11.0
0.0,0.0,0.0,1.0,1.0,210.0,0.0,198.0,23.8,21.0,5.0,126.0,60.0,22.0,3.0,9.0
0.0,0.0,0.0,1.0,1.0,113.0,0.0,185.0,27.4,6.0,2.0,66.0,22.0,11.0,1.0,7.0
0.0,0.0,0.0,1.0,1.0,113.0,0.0,198.0,24.9,6.0,4.0,77.0,34.0,9.0,4.0,11.0
0.0,0.0,0.0,1.0,0.0,113.0,1.0,185.0,21.8,9.0,4.0,81.0,36.0,16.0,4.0,6.0
0.0,0.0,0.0,1.0,0.0,153.0,0.0,198.0,23.7,16.0,8.0,100.0,44.0,19.0,2.0,6.0
0.0,1.0,0.0,0.0,0.0,100.0,1.0,198.0,28.9,3.0,1.0,72.0,22.0,14.0,6.0,10.0
0.0,1.0,0.0,0.0,0.0,55.0,0.0,180.0,29.2,0.0,3.0,43.0,9.0,5.0,3.0,9.0
0.0,1.0,0.0,0.0,0.0,115.0,0.0,180.0,31.6,0.0,3.0,72.0,22.0,10.0,4.0,11.0
0.0,1.0,0.0,0.0,0.0,88.0,1.0,178.0,23.4,1.0,0.0,62.0,19.0,9.0,2.0,8.0
0.0,0.0,0.0,1.0,0.0,57.0,0.0,183.0,28.2,2.0,0.0,45.0,18.0,8.0,2.0,5.0
0.0,0.0,0.0,1.0,0.0,72.0,0.0,193.0,31.5,2.0,1.0,58.0,23.0,9.0,3.0,6.0
0.0,0.0,0.0,1.0,0.0,99.0,0.0,198.0,33.1,6.0,3.0,66.0,23.0,13.0,5.0,8.0
0.0,0.0,0.0,1.0,0.0,76.0,0.0,196.0,24.4,12.0,7.0,73.0,28.0,15.0,9.0,11.0
0.0,0.0,0.0,1.0,0.0,98.0,0.0,198.0,25.7,2.0,2.0,63.0,28.0,12.0,3.0,5.0
0.0,0.0,0.0,1.0,0.0,74.0,0.0,185.0,19.9,3.0,2.0,50.0,21.0,9.0,1.0,4.0
0.0,1.0,0.0,0.0,0.0,119.0,0.0,198.0,25.9,1.0,0.0,69.0,32.0,10.0,3.0,7.0
0.0,1.0,0.0,0.0,0.0,138.0,0.0,183.0,22.6,4.0,2.0,93.0,33.0,19.0,4.0,8.0
0.0,1.0,0.0,0.0,0.0,201.0,0.0,188.0,26.8,5.0,3.0,148.0,63.0,27.0,12.0,14.0
0.0,1.0,0.0,0.0,0.0,81.0,0.0,196.0,25.2,3.0,2.0,55.0,28.0,7.0,4.0,6.0
0.0,1.0,0.0,0.0,0.0,87.0,0.0,193.0,35.6,0.0,2.0,43.0,16.0,7.0,0.0,3.0
0.0,1.0,0.0,0.0,0.0,96.0,0.0,193.0,23.7,1.0,1.0,59.0,25.0,7.0,2.0,6.0
0.0,1.0,0.0,0.0,0.0,102.0,0.0,183.0,23.3,2.0,0.0,64.0,29.0,8.0,5.0,9.0
0.0,1.0,0.0,0.0,0.0,129.0,0.0,193.0,21.7,11.0,3.0,75.0,34.0,12.0,5.0,8.0
0.0,1.0,0.0,0.0,0.0,75.0,0.0,183.0,37.1,1.0,4.0,57.0,14.0,12.0,2.0,7.0
0.0,1.0,0.0,0.0,0.0,90.0,0.0,185.0,28.6,4.0,4.0,63.0,23.0,9.0,6.0,10.0
0.0,0.0,1.0,0.0,1.0,147.0,0.0,180.0,24.5,7.0,5.0,102.0,45.0,19.0,4.0,8.0
0.0,0.0,1.0,0.0,1.0,120.0,0.0,196.0,26.2,11.0,5.0,88.0,37.0,11.0,8.0,13.0
0.0,0.0,1.0,0.0,1.0,113.0,0.0,183.0,22.8,1.0,5.0,93.0,34.0,13.0,8.0,14.0
0.0,0.0,1.0,0.0,1.0,158.0,0.0,188.0,25.1,20.0,5.0,124.0,53.0,15.0,11.0,17.0
0.0,0.0,1.0,0.0,1.0,215.0,0.0,188.0,20.8,8.0,7.0,134.0,50.0,31.0,9.0,15.0
0.0,0.0,1.0,0.0,1.0,155.0,1.0,188.0,26.8,7.0,3.0,114.0,46.0,20.0,9.0,14.0
0.0,0.0,1.0,0.0,1.0,181.0,0.0,193.0,27.1,30.0,7.0,125.0,64.0,18.0,2.0,4.0
0.0,0.0,0.0,1.0,0.0,112.0,1.0,185.0,29.2,7.0,7.0,88.0,39.0,18.0,3.0,7.0
0.0,1.0,0.0,0.0,0.0,90.0,1.0,183.0,22.8,0.0,7.0,74.0,22.0,18.0,6.0,10.0
0.0,1.0,0.0,0.0,0.0,155.0,1.0,175.0,22.4,1.0,2.0,107.0,34.0,25.0,14.0,19.0
1.0,0.0,0.0,0.0,0.0,81.0,1.0,180.0,23.5,6.0,3.0,57.0,27.0,11.0,3.0,4.0
1.0,0.0,0.0,0.0,0.0,114.0,1.0,168.0,24.7,2.0,1.0,76.0,46.0,9.0,1.0,2.0
0.0,0.0,0.0,1.0,0.0,127.0,1.0,183.0,25.0,13.0,5.0,97.0,49.0,16.0,3.0,5.0
0.0,1.0,0.0,0.0,0.0,78.0,1.0,183.0,25.4,0.0,2.0,55.0,30.0,6.0,2.0,4.0
0.0,1.0,0.0,0.0,1.0,114.0,1.0,175.0,23.3,0.0,7.0,84.0,37.0,10.0,8.0,12.0
0.0,0.0,1.0,0.0,1.0,171.0,1.0,175.0,27.0,7.0,3.0,140.0,60.0,35.0,3.0,4.0
0.0,0.0,0.0,1.0,1.0,184.0,0.0,188.0,21.7,13.0,13.0,148.0,69.0,29.0,7.0,11.0
0.0,1.0,0.0,0.0,0.0,96.0,1.0,185.0,32.1,2.0,1.0,68.0,23.0,18.0,5.0,8.0
0.0,0.0,0.0,1.0,1.0,74.0,1.0,193.0,24.9,1.0,1.0,51.0,25.0,13.0,0.0,1.0
0.0,0.0,0.0,1.0,0.0,141.0,1.0,183.0,26.2,8.0,4.0,97.0,45.0,22.0,2.0,5.0
1.0,0.0,0.0,0.0,0.0,141.0,1.0,193.0,26.8,16.0,3.0,102.0,59.0,15.0,3.0,3.0
0.0,0.0,0.0,1.0,0.0,62.0,1.0,183.0,21.5,7.0,1.0,50.0,23.0,14.0,2.0,2.0
1.0,0.0,0.0,0.0,0.0,161.0,1.0,185.0,24.7,13.0,3.0,110.0,43.0,26.0,9.0,12.0
0.0,0.0,0.0,1.0,0.0,88.0,1.0,175.0,24.1,1.0,0.0,52.0,24.0,10.0,0.0,2.0
0.0,0.0,0.0,1.0,0.0,93.0,1.0,185.0,24.2,2.0,1.0,56.0,30.0,6.0,2.0,4.0
0.0,0.0,0.0,1.0,0.0,140.0,1.0,185.0,27.2,20.0,6.0,95.0,51.0,17.0,3.0,5.0
0.0,1.0,0.0,0.0,0.0,109.0,1.0,185.0,24.6,1.0,0.0,73.0,28.0,21.0,0.0,2.0
0.0,1.0,0.0,0.0,0.0,89.0,0.0,188.0,22.4,1.0,1.0,56.0,28.0,6.0,4.0,7.0
0.0,0.0,0.0,1.0,0.0,68.0,1.0,180.0,25.4,3.0,1.0,56.0,19.0,19.0,0.0,1.0
0.0,1.0,0.0,0.0,0.0,133.0,1.0,185.0,20.7,2.0,5.0,105.0,49.0,12.0,7.0,10.0
0.0,1.0,0.0,0.0,0.0,73.0,1.0,183.0,21.3,0.0,1.0,45.0,17.0,9.0,3.0,5.0
0.0,0.0,1.0,0.0,0.0,68.0,1.0,190.0,26.9,1.0,2.0,54.0,26.0,12.0,0.0,0.0
0.0,1.0,0.0,0.0,1.0,114.0,0.0,185.0,19.9,3.0,0.0,59.0,30.0,7.0,3.0,6.0
0.0,0.0,1.0,0.0,1.0,204.0,1.0,196.0,22.2,31.0,6.0,138.0,69.0,32.0,1.0,3.0
0.0,0.0,0.0,1.0,1.0,89.0,1.0,180.0,25.5,10.0,3.0,71.0,29.0,23.0,5.0,5.0
0.0,0.0,0.0,1.0,1.0,148.0,1.0,178.0,29.4,2.0,7.0,116.0,51.0,20.0,10.0,13.0
0.0,0.0,0.0,1.0,0.0,105.0,1.0,180.0,25.7,8.0,0.0,68.0,35.0,15.0,2.0,2.0
0.0,0.0,1.0,0.0,0.0,113.0,1.0,173.0,29.4,2.0,0.0,91.0,47.0,13.0,7.0,9.0
0.0,0.0,0.0,1.0,0.0,175.0,1.0,178.0,34.8,1.0,2.0,47.0,21.0,16.0,2.0,2.0
0.0,0.0,0.0,1.0,0.0,94.0,0.0,185.0,20.7,2.0,1.0,65.0,32.0,14.0,3.0,3.0
0.0,1.0,0.0,0.0,0.0,109.0,1.0,175.0,25.0,2.0,5.0,74.0,31.0,13.0,1.0,4.0
0.0,1.0,0.0,0.0,0.0,161.0,1.0,190.0,30.7,5.0,5.0,115.0,46.0,25.0,5.0,8.0
0.0,1.0,0.0,0.0,0.0,101.0,0.0,185.0,20.9,2.0,2.0,46.0,28.0,5.0,1.0,1.0
0.0,0.0,0.0,1.0,0.0,61.0,1.0,190.0,30.9,3.0,1.0,42.0,20.0,13.0,1.0,1.0
0.0,1.0,0.0,0.0,0.0,142.0,1.0,193.0,21.4,2.0,3.0,100.0,37.0,17.0,8.0,14.0
0.0,0.0,0.0,1.0,0.0,123.0,1.0,185.0,25.5,8.0,1.0,100.0,46.0,22.0,3.0,5.0
0.0,0.0,0.0,1.0,0.0,152.0,1.0,183.0,24.6,11.0,3.0,98.0,39.0,25.0,1.0,4.0
0.0,1.0,0.0,0.0,1.0,148.0,0.0,185.0,20.9,3.0,1.0,86.0,45.0,15.0,4.0,6.0
0.0,0.0,1.0,0.0,1.0,101.0,0.0,185.0,21.0,4.0,0.0,55.0,25.0,13.0,1.0,2.0
0.0,0.0,0.0,1.0,1.0,144.0,1.0,185.0,26.0,11.0,4.0,106.0,52.0,25.0,7.0,9.0
0.0,0.0,0.0,1.0,1.0,110.0,1.0,185.0,25.4,12.0,1.0,80.0,40.0,20.0,1.0,2.0
0.0,0.0,0.0,1.0,0.0,104.0,0.0,185.0,21.4,3.0,0.0,56.0,31.0,10.0,3.0,4.0
0.0,0.0,0.0,1.0,0.0,85.0,1.0,185.0,21.4,2.0,2.0,62.0,27.0,11.0,1.0,3.0
0.0,0.0,0.0,1.0,0.0,102.0,1.0,175.0,25.6,1.0,1.0,66.0,27.0,19.0,3.0,3.0
0.0,0.0,0.0,1.0,0.0,102.0,1.0,208.0,29.6,20.0,0.0,83.0,48.0,14.0,3.0,3.0
0.0,0.0,0.0,1.0,0.0,101.0,1.0,188.0,23.4,8.0,1.0,71.0,32.0,16.0,5.0,6.0
0.0,0.0,1.0,0.0,0.0,136.0,0.0,185.0,22.0,3.0,0.0,82.0,34.0,16.0,5.0,8.0
0.0,0.0,0.0,1.0,0.0,114.0,1.0,188.0,23.5,5.0,4.0,82.0,37.0,18.0,7.0,9.0
0.0,0.0,0.0,1.0,0.0,142.0,1.0,203.0,21.8,6.0,5.0,107.0,51.0,19.0,3.0,6.0
0.0,1.0,0.0,0.0,0.0,72.0,1.0,185.0,26.7,1.0,0.0,42.0,18.0,10.0,3.0,4.0
0.0,1.0,0.0,0.0,0.0,183.0,0.0,185.0,21.9,3.0,2.0,110.0,47.0,14.0,15.0,19.0
0.0,0.0,0.0,1.0,0.0,105.0,1.0,190.0,21.1,2.0,0.0,73.0,21.0,27.0,3.0,5.0
0.0,0.0,0.0,1.0,0.0,143.0,1.0,190.0,21.2,1.0,2.0,88.0,32.0,26.0,3.0,5.0
0.0,0.0,0.0,1.0,0.0,90.0,1.0,188.0,25.5,14.0,2.0,68.0,39.0,12.0,2.0,2.0
0.0,0.0,0.0,1.0,0.0,127.0,1.0,183.0,23.1,8.0,3.0,107.0,43.0,32.0,6.0,6.0
0.0,1.0,0.0,0.0,1.0,169.0,0.0,185.0,21.9,0.0,0.0,98.0,47.0,19.0,4.0,6.0
0.0,0.0,1.0,0.0,1.0,122.0,1.0,193.0,28.4,7.0,3.0,95.0,43.0,25.0,0.0,1.0
0.0,0.0,0.0,1.0,1.0,164.0,1.0,185.0,27.0,20.0,1.0,125.0,61.0,27.0,2.0,4.0
0.0,0.0,0.0,1.0,0.0,99.0,1.0,188.0,23.5,7.0,3.0,81.0,40.0,14.0,4.0,6.0
0.0,0.0,0.0,1.0,0.0,131.0,0.0,185.0,22.1,3.0,1.0,75.0,33.0,14.0,1.0,4.0
0.0,1.0,0.0,0.0,0.0,243.0,0.0,185.0,22.9,4.0,4.0,133.0,72.0,16.0,6.0,8.0
0.0,0.0,0.0,1.0,0.0,100.0,0.0,185.0,27.4,2.0,3.0,77.0,36.0,18.0,5.0,5.0
0.0,0.0,0.0,1.0,0.0,90.0,1.0,190.0,20.3,4.0,2.0,61.0,28.0,11.0,2.0,4.0
0.0,0.0,0.0,1.0,0.0,103.0,1.0,190.0,21.8,8.0,0.0,61.0,27.0,13.0,3.0,5.0
0.0,0.0,0.0,1.0,0.0,69.0,1.0,188.0,26.5,5.0,0.0,43.0,27.0,6.0,2.0,2.0
0.0,1.0,0.0,0.0,0.0,163.0,0.0,185.0,22.8,2.0,1.0,87.0,35.0,14.0,6.0,11.0
0.0,1.0,0.0,0.0,0.0,123.0,0.0,185.0,22.8,0.0,1.0,70.0,34.0,11.0,2.0,4.0
0.0,0.0,0.0,1.0,0.0,103.0,1.0,188.0,26.9,4.0,1.0,68.0,36.0,13.0,1.0,2.0
0.0,0.0,0.0,1.0,0.0,127.0,1.0,185.0,28.0,7.0,0.0,60.0,28.0,15.0,3.0,4.0
0.0,0.0,0.0,1.0,0.0,86.0,1.0,188.0,23.8,9.0,1.0,67.0,38.0,12.0,5.0,5.0
0.0,0.0,1.0,0.0,0.0,132.0,1.0,188.0,31.1,10.0,6.0,103.0,47.0,26.0,4.0,4.0
0.0,0.0,0.0,1.0,0.0,183.0,1.0,178.0,28.3,5.0,1.0,99.0,49.0,18.0,6.0,7.0
0.0,1.0,0.0,0.0,1.0,141.0,1.0,178.0,25.6,1.0,1.0,98.0,42.0,21.0,4.0,6.0
0.0,0.0,1.0,0.0,1.0,165.0,1.0,188.0,31.2,18.0,7.0,124.0,62.0,28.0,0.0,2.0
0.0,0.0,0.0,1.0,1.0,154.0,1.0,185.0,28.0,8.0,3.0,109.0,49.0,28.0,2.0,3.0
0.0,0.0,0.0,1.0,1.0,150.0,1.0,188.0,26.3,16.0,5.0,87.0,54.0,11.0,0.0,1.0
0.0,0.0,0.0,1.0,0.0,98.0,1.0,193.0,25.2,10.0,0.0,60.0,32.0,12.0,2.0,2.0
0.0,0.0,0.0,1.0,1.0,232.0,1.0,188.0,24.7,19.0,2.0,168.0,74.0,28.0,10.0,16.0
0.0,0.0,0.0,1.0,0.0,137.0,1.0,183.0,27.6,4.0,3.0,89.0,40.0,19.0,3.0,5.0
0.0,0.0,0.0,1.0,0.0,105.0,1.0,193.0,30.9,13.0,0.0,73.0,33.0,16.0,6.0,7.0
0.0,0.0,0.0,1.0,0.0,175.0,1.0,168.0,29.1,1.0,4.0,107.0,41.0,26.0,10.0,13.0
0.0,1.0,0.0,0.0,0.0,92.0,0.0,188.0,26.4,4.0,1.0,45.0,25.0,5.0,2.0,3.0
0.0,1.0,0.0,0.0,0.0,198.0,0.0,188.0,26.4,3.0,3.0,99.0,49.0,11.0,6.0,11.0
0.0,1.0,0.0,0.0,0.0,40.0,1.0,185.0,18.1,1.0,2.0,26.0,9.0,8.0,0.0,1.0
0.0,1.0,0.0,0.0,1.0,255.0,0.0,183.0,29.0,9.0,5.0,145.0,52.0,41.0,4.0,8.0
0.0,0.0,1.0,0.0,0.0,102.0,1.0,185.0,29.8,5.0,3.0,72.0,40.0,11.0,4.0,5.0
0.0,0.0,1.0,0.0,1.0,138.0,1.0,196.0,24.7,11.0,2.0,102.0,47.0,28.0,3.0,4.0
0.0,0.0,0.0,1.0,0.0,142.0,1.0,185.0,29.0,11.0,2.0,95.0,40.0,17.0,6.0,9.0
0.0,0.0,0.0,1.0,0.0,83.0,1.0,188.0,27.9,8.0,4.0,61.0,29.0,14.0,2.0,3.0
0.0,0.0,0.0,1.0,1.0,223.0,0.0,185.0,24.2,8.0,2.0,112.0,55.0,21.0,1.0,4.0
0.0,0.0,0.0,1.0,0.0,102.0,1.0,185.0,29.1,7.0,3.0,73.0,34.0,15.0,4.0,5.0
0.0,0.0,0.0,1.0,0.0,115.0,1.0,185.0,29.2,6.0,4.0,84.0,39.0,19.0,4.0,5.0
0.0,0.0,0.0,1.0,0.0,93.0,0.0,190.0,30.4,6.0,4.0,70.0,37.0,13.0,3.0,3.0
0.0,0.0,0.0,1.0,0.0,81.0,1.0,185.0,29.2,4.0,1.0,55.0,26.0,12.0,0.0,1.0
0.0,0.0,0.0,1.0,0.0,112.0,0.0,185.0,24.4,6.0,0.0,62.0,24.0,18.0,4.0,5.0
0.0,1.0,0.0,0.0,1.0,219.0,1.0,185.0,29.7,18.0,2.0,141.0,70.0,25.0,9.0,13.0
0.0,0.0,0.0,1.0,0.0,72.0,1.0,190.0,24.2,1.0,0.0,34.0,16.0,8.0,1.0,2.0
0.0,0.0,0.0,1.0,0.0,136.0,1.0,178.0,21.8,4.0,2.0,82.0,28.0,22.0,3.0,7.0
0.0,0.0,0.0,1.0,0.0,75.0,1.0,175.0,29.6,4.0,1.0,45.0,23.0,11.0,1.0,1.0
0.0,0.0,0.0,1.0,0.0,128.0,1.0,180.0,27.4,4.0,4.0,94.0,35.0,23.0,2.0,4.0
0.0,0.0,0.0,1.0,0.0,83.0,1.0,190.0,24.7,5.0,3.0,56.0,34.0,4.0,2.0,3.0
0.0,0.0,0.0,1.0,0.0,166.0,1.0,206.0,26.8,20.0,0.0,112.0,60.0,15.0,4.0,6.0
0.0,1.0,0.0,0.0,0.0,79.0,0.0,185.0,25.8,3.0,1.0,38.0,22.0,6.0,0.0,1.0
0.0,1.0,0.0,0.0,0.0,103.0,1.0,180.0,27.8,7.0,2.0,80.0,44.0,13.0,7.0,7.0
0.0,1.0,0.0,0.0,0.0,141.0,0.0,185.0,25.9,0.0,0.0,69.0,27.0,17.0,6.0,7.0
0.0,1.0,0.0,0.0,1.0,229.0,0.0,185.0,25.9,4.0,4.0,118.0,45.0,24.0,3.0,10.0
0.0,0.0,1.0,0.0,1.0,139.0,1.0,185.0,30.8,12.0,0.0,101.0,49.0,26.0,2.0,3.0
0.0,0.0,1.0,0.0,0.0,120.0,1.0,190.0,25.1,6.0,0.0,87.0,42.0,17.0,4.0,4.0
0.0,0.0,0.0,1.0,0.0,80.0,1.0,185.0,31.0,8.0,1.0,56.0,27.0,15.0,0.0,0.0
0.0,0.0,0.0,1.0,1.0,294.0,1.0,190.0,25.2,5.0,4.0,150.0,62.0,24.0,9.0,18.0
0.0,0.0,0.0,1.0,0.0,121.0,1.0,198.0,25.0,18.0,5.0,95.0,40.0,16.0,6.0,10.0
0.0,0.0,0.0,1.0,0.0,170.0,1.0,198.0,24.4,4.0,3.0,104.0,38.0,23.0,7.0,11.0
0.0,0.0,0.0,1.0,0.0,80.0,1.0,188.0,34.9,0.0,0.0,43.0,19.0,13.0,0.0,1.0
0.0,1.0,0.0,0.0,0.0,186.0,1.0,188.0,21.9,13.0,6.0,131.0,51.0,32.0,10.0,12.0
0.0,1.0,0.0,0.0,0.0,142.0,1.0,196.0,27.6,9.0,3.0,106.0,53.0,14.0,3.0,6.0
0.0,1.0,0.0,0.0,1.0,277.0,0.0,185.0,26.9,6.0,3.0,160.0,73.0,35.0,4.0,9.0
0.0,0.0,1.0,0.0,1.0,189.0,1.0,190.0,26.1,9.0,2.0,105.0,48.0,16.0,9.0,13.0
0.0,0.0,0.0,1.0,0.0,149.0,0.0,185.0,27.1,7.0,1.0,94.0,47.0,16.0,4.0,6.0
0.0,0.0,0.0,1.0,0.0,144.0,1.0,206.0,28.2,9.0,0.0,93.0,55.0,15.0,3.0,4.0
0.0,0.0,0.0,1.0,1.0,201.0,0.0,185.0,27.2,1.0,1.0,121.0,51.0,24.0,8.0,11.0
0.0,0.0,0.0,1.0,1.0,240.0,1.0,183.0,28.7,17.0,5.0,170.0,71.0,36.0,3.0,7.0
0.0,0.0,0.0,1.0,0.0,106.0,1.0,185.0,32.5,7.0,0.0,77.0,35.0,18.0,5.0,6.0
0.0,1.0,0.0,0.0,0.0,75.0,1.0,185.0,32.6,3.0,1.0,57.0,33.0,10.0,2.0,2.0
0.0,1.0,0.0,0.0,1.0,211.0,0.0,185.0,27.9,3.0,4.0,120.0,61.0,18.0,6.0,9.0
0.0,0.0,0.0,1.0,0.0,64.0,1.0,188.0,29.2,8.0,2.0,49.0,21.0,13.0,1.0,1.0
0.0,0.0,0.0,1.0,0.0,105.0,1.0,180.0,32.2,5.0,1.0,69.0,34.0,17.0,0.0,1.0
0.0,0.0,0.0,1.0,1.0,172.0,1.0,178.0,24.6,5.0,4.0,125.0,49.0,26.0,9.0,13.0
0.0,0.0,0.0,1.0,0.0,96.0,1.0,185.0,33.1,8.0,1.0,72.0,35.0,13.0,1.0,1.0
0.0,0.0,0.0,1.0,0.0,136.0,1.0,208.0,35.8,21.0,3.0,99.0,62.0,13.0,0.0,0.0
0.0,0.0,0.0,1.0,0.0,84.0,1.0,185.0,33.5,12.0,1.0,79.0,41.0,11.0,7.0,7.0
0.0,1.0,0.0,0.0,1.0,192.0,1.0,183.0,30.1,9.0,3.0,126.0,64.0,21.0,8.0,10.0
0.0,0.0,0.0,1.0,0.0,90.0,1.0,185.0,34.0,7.0,2.0,61.0,29.0,19.0,0.0,0.0
0.0,0.0,0.0,1.0,0.0,33.0,0.0,188.0,34.4,2.0,2.0,22.0,9.0,8.0,0.0,0.0
0.0,1.0,0.0,0.0,0.0,126.0,0.0,198.0,22.7,4.0,4.0,76.0,31.0,19.0,1.0,4.0
0.0,1.0,0.0,0.0,0.0,95.0,1.0,190.0,28.9,5.0,1.0,59.0,31.0,10.0,3.0,3.0
0.0,0.0,1.0,0.0,1.0,176.0,1.0,198.0,28.7,31.0,2.0,160.0,79.0,25.0,14.0,17.0
0.0,0.0,0.0,1.0,0.0,147.0,1.0,198.0,27.8,3.0,1.0,72.0,36.0,20.0,0.0,0.0
0.0,0.0,0.0,1.0,1.0,234.0,1.0,183.0,31.4,9.0,3.0,164.0,65.0,37.0,14.0,17.0
0.0,0.0,0.0,1.0,0.0,108.0,1.0,183.0,28.4,5.0,1.0,86.0,36.0,14.0,7.0,9.0
0.0,0.0,0.0,1.0,0.0,104.0,1.0,198.0,28.0,9.0,2.0,71.0,32.0,14.0,3.0,5.0
0.0,0.0,0.0,1.0,0.0,103.0,1.0,190.0,29.5,3.0,3.0,59.0,27.0,13.0,0.0,1.0
0.0,0.0,0.0,1.0,1.0,288.0,1.0,188.0,30.3,17.0,3.0,194.0,94.0,27.0,9.0,15.0
0.0,0.0,0.0,1.0,0.0,107.0,1.0,193.0,21.8,25.0,1.0,73.0,43.0,15.0,1.0,1.0
0.0,0.0,0.0,1.0,0.0,111.0,1.0,193.0,21.8,14.0,4.0,69.0,36.0,14.0,0.0,0.0
0.0,1.0,0.0,0.0,0.0,157.0,1.0,180.0,26.3,3.0,2.0,100.0,32.0,28.0,7.0,9.0
0.0,1.0,0.0,0.0,0.0,98.0,0.0,185.0,30.9,2.0,1.0,57.0,28.0,10.0,1.0,2.0
0.0,1.0,0.0,0.0,0.0,81.0,1.0,198.0,20.0,7.0,2.0,45.0,27.0,9.0,0.0,0.0
0.0,1.0,0.0,0.0,1.0,135.0,1.0,185.0,23.7,2.0,3.0,82.0,37.0,17.0,4.0,6.0
0.0,0.0,1.0,0.0,1.0,63.0,1.0,196.0,31.7,1.0,1.0,46.0,25.0,10.0,0.0,0.0
0.0,0.0,0.0,1.0,1.0,201.0,1.0,188.0,21.6,1.0,2.0,136.0,59.0,21.0,14.0,19.0
0.0,0.0,0.0,1.0,0.0,150.0,1.0,191.0,25.1,1.0,8.0,107.0,37.0,28.0,5.0,7.0
0.0,0.0,0.0,1.0,0.0,67.0,1.0,196.0,28.8,9.0,2.0,48.0,24.0,10.0,0.0,1.0
0.0,1.0,0.0,0.0,0.0,149.0,1.0,185.0,24.6,9.0,5.0,95.0,38.0,23.0,2.0,3.0
0.0,1.0,0.0,0.0,0.0,99.0,0.0,190.0,28.7,4.0,4.0,67.0,28.0,15.0,2.0,4.0
0.0,1.0,0.0,0.0,0.0,102.0,1.0,188.0,23.3,5.0,2.0,71.0,31.0,14.0,4.0,7.0
0.0,1.0,0.0,0.0,0.0,116.0,0.0,185.0,31.9,1.0,2.0,65.0,25.0,18.0,2.0,3.0
0.0,1.0,0.0,0.0,1.0,206.0,1.0,185.0,25.6,6.0,5.0,157.0,73.0,19.0,11.0,17.0
0.0,0.0,1.0,0.0,0.0,177.0,1.0,198.0,29.7,18.0,6.0,113.0,46.0,34.0,5.0,6.0
0.0,0.0,0.0,1.0,0.0,137.0,1.0,193.0,19.9,11.0,2.0,92.0,46.0,25.0,2.0,2.0
0.0,0.0,0.0,1.0,0.0,97.0,1.0,198.0,22.4,9.0,2.0,66.0,38.0,8.0,4.0,5.0
0.0,0.0,0.0,1.0,0.0,80.0,1.0,198.0,21.5,10.0,3.0,46.0,26.0,7.0,0.0,1.0
0.0,0.0,0.0,1.0,0.0,155.0,1.0,183.0,30.7,7.0,0.0,88.0,52.0,11.0,2.0,4.0
0.0,0.0,0.0,1.0,0.0,98.0,1.0,178.0,35.3,3.0,1.0,67.0,33.0,10.0,4.0,5.0
0.0,0.0,0.0,1.0,0.0,149.0,1.0,183.0,30.9,1.0,3.0,94.0,39.0,15.0,9.0,13.0
0.0,1.0,0.0,0.0,0.0,140.0,1.0,198.0,23.1,3.0,2.0,82.0,28.0,26.0,2.0,4.0
0.0,1.0,0.0,0.0,0.0,145.0,0.0,185.0,32.9,0.0,0.0,66.0,35.0,11.0,1.0,2.0
0.0,1.0,0.0,0.0,1.0,253.0,1.0,185.0,25.7,4.0,4.0,149.0,67.0,27.0,5.0,12.0
0.0,0.0,0.0,1.0,0.0,102.0,1.0,198.0,23.4,16.0,4.0,81.0,43.0,11.0,1.0,2.0
0.0,0.0,0.0,1.0,1.0,106.0,1.0,183.0,34.4,9.0,3.0,70.0,32.0,18.0,4.0,5.0
0.0,0.0,0.0,1.0,0.0,122.0,1.0,193.0,21.1,11.0,3.0,82.0,49.0,11.0,0.0,1.0
0.0,0.0,0.0,1.0,0.0,73.0,1.0,185.0,38.2,12.0,2.0,49.0,29.0,9.0,1.0,1.0
0.0,0.0,0.0,1.0,0.0,167.0,1.0,185.0,26.1,6.0,4.0,125.0,48.0,28.0,6.0,9.0
0.0,0.0,0.0,1.0,1.0,60.0,1.0,188.0,29.1,3.0,0.0,36.0,18.0,6.0,4.0,4.0
0.0,1.0,0.0,0.0,1.0,161.0,0.0,185.0,34.3,4.0,1.0,84.0,37.0,19.0,4.0,5.0
0.0,0.0,0.0,1.0,0.0,68.0,1.0,191.0,25.4,8.0,0.0,52.0,28.0,7.0,6.0,6.0
0.0,0.0,0.0,1.0,0.0,174.0,1.0,185.0,27.2,12.0,5.0,120.0,63.0,23.0,3.0,3.0
0.0,0.0,0.0,1.0,0.0,81.0,1.0,198.0,24.7,10.0,4.0,56.0,30.0,11.0,1.0,1.0
0.0,1.0,0.0,0.0,0.0,126.0,1.0,175.0,30.8,1.0,0.0,95.0,37.0,16.0,7.0,10.0
0.0,1.0,0.0,0.0,0.0,169.0,0.0,185.0,34.9,3.0,1.0,96.0,47.0,11.0,5.0,8.0
0.0,0.0,0.0,1.0,0.0,148.0,1.0,198.0,24.5,14.0,1.0,96.0,54.0,17.0,3.0,4.0
0.0,1.0,0.0,0.0,0.0,205.0,1.0,185.0,27.6,6.0,4.0,135.0,54.0,22.0,23.0,28.0
0.0,0.0,0.0,1.0,1.0,136.0,1.0,198.0,25.5,16.0,9.0,90.0,42.0,22.0,5.0,6.0
0.0,0.0,0.0,1.0,0.0,117.0,0.0,198.0,28.6,9.0,3.0,74.0,34.0,14.0,3.0,5.0
0.0,1.0,0.0,0.0,0.0,174.0,1.0,183.0,22.8,0.0,5.0,93.0,42.0,10.0,7.0,11.0
0.0,1.0,0.0,0.0,0.0,147.0,1.0,188.0,24.4,6.0,4.0,97.0,41.0,21.0,8.0,9.0
0.0,1.0,0.0,0.0,0.0,215.0,1.0,185.0,18.9,4.0,4.0,136.0,67.0,23.0,5.0,6.0
